"Date Inserted","Reporting Date","Sale Month","Store","Artist","Title","ISRC","UPC","Quantity","Team Percentage","Source Type","Country of Sale","Songwriter Royalties Withheld (USD)","Earnings (USD)","Recoup (USD)"
"2026-05-22","2026-05-22","2026-04","YouTube (Ads)","QuanThaSav and B.Scar","We CU","QZWFL2519015","199511232755","1","100","Song","AT","0.00000","0.015774783114",
"2026-05-22","2026-05-22","2026-04","YouTube (Ads)","QuanThaSav and MiloMadness","Broncos Country Anthem","QZMEQ2536230","199336188978","76","100","Song","US","0.00000","0.375934481846",
"2026-05-22","2026-05-22","2026-04","YouTube (Ads)","QuanThaSav and MiloMadness","Broncos Country Anthem","QZMEQ2536230","199336188978","3","100","Song","MX","0.00000","0.000943354733",
"2026-05-22","2026-05-22","2026-04","YouTube (Ads)","QuanThaSav and MiloMadness","Broncos Country Anthem","QZMEQ2536230","199336188978","0","100","Song","DE","0.00000","0.001256054492",
"2026-05-22","2026-05-22","2026-04","YouTube (Ads)","QuanThaSav and MiloMadness","Broncos Country Anthem","QZMEQ2536230","199336188978","1","100","Song","AU","0.00000","0.000243327711",
"2026-05-22","2026-05-22","2026-04","YouTube (Ads)","QuanThaSav and MiloMadness","Broncos Country Anthem","QZMEQ2536230","199336188978","1","100","Song","AR","0.00000","0.000294305655",
"2026-05-22","2026-05-22","2026-04","YouTube (ContentID)","QuanThaSav and B.Scar","We CU","QZWFL2519015","199511232755","1","100","Song","US","0.00000","0.000732360603",
"2026-05-22","2026-05-22","2026-04","YouTube (ContentID)","QuanThaSav and MiloMadness","Broncos Country Anthem","QZMEQ2536230","199336188978","837","100","Song","US","0.00000","2.989558446407",
"2026-05-22","2026-05-22","2026-04","YouTube (ContentID)","QuanThaSav and MiloMadness","Broncos Country Anthem","QZMEQ2536230","199336188978","10","100","Song","MX","0.00000","0.005761984186",
"2026-05-22","2026-05-22","2026-04","YouTube (ContentID)","QuanThaSav and MiloMadness","Broncos Country Anthem","QZMEQ2536230","199336188978","1","100","Song","GT","0.00000","0.000224633295",
"2026-05-22","2026-05-22","2026-04","YouTube (ContentID)","QuanThaSav and MiloMadness","Broncos Country Anthem","QZMEQ2536230","199336188978","3","100","Song","FR","0.00000","0.004988781166",
"2026-05-22","2026-05-22","2026-04","YouTube (ContentID)","QuanThaSav and MiloMadness","Broncos Country Anthem","QZMEQ2536230","199336188978","10","100","Song","DE","0.00000","0.026496318109",
"2026-05-22","2026-05-22","2026-04","YouTube (ContentID)","QuanThaSav and MiloMadness","Broncos Country Anthem","QZMEQ2536230","199336188978","6","100","Song","CA","0.00000","0.011304140067",
"2026-05-22","2026-05-22","2026-04","YouTube (ContentID)","QuanThaSav and MiloMadness","Broncos Country Anthem","QZMEQ2536230","199336188978","8","100","Song","BR","0.00000","0.003642182638",
"2026-05-22","2026-05-22","2026-04","YouTube (ContentID)","QuanThaSav and MiloMadness","Broncos Country Anthem","QZMEQ2536230","199336188978","4","100","Song","AU","0.00000","0.042923779072",
"2026-05-22","2026-05-22","2026-04","Youtube Shorts Composition","QuanThaSav and MiloMadness","Broncos Country Anthem","QZMEQ2536230","199336188978","1250","100","Song","US","0.00000","0.029233036054",
"2026-05-22","2026-05-22","2026-04","YouTube (Audio)","QuanThaSav and MiloMadness","Broncos Country Anthem","QZMEQ2536230","199336188978","1","100","Song","US","0.00000","0.002502599108",
"2026-05-22","2026-05-22","2026-04","YouTube (Ads) - Composition","QuanThaSav and MiloMadness","Broncos Country Anthem","QZMEQ2536230","199336188978","837","100","Song","US","0.00000","0.896867533922",
"2026-05-22","2026-05-22","2026-04","YouTube (Red) - Composition","QuanThaSav and MiloMadness","Broncos Country Anthem","QZMEQ2536230","199336188978","4","100","Song","US","0.00000","0.005887124889",
"2026-05-22","2026-05-22","2026-04","YouTube (Red) - Composition","QuanThaSav and MiloMadness","Broncos Country Anthem","QZMEQ2536230","199336188978","1","100","Song","US","0.00000","0.001090115724",
"2026-05-22","2026-05-22","2026-04","YouTube (Red) - Composition","QuanThaSav and MiloMadness","Broncos Country Anthem","QZMEQ2536230","199336188978","161","100","Song","US","0.00000","0.208987004663",
"2026-05-22","2026-05-22","2026-04","YouTube (Red)","QuanThaSav and MiloMadness","Broncos Country Anthem","QZMEQ2536230","199336188978","1","100","Song","ZA","0.00000","0.006249560655",
"2026-05-22","2026-05-22","2026-04","YouTube (Red)","QuanThaSav and MiloMadness","Broncos Country Anthem","QZMEQ2536230","199336188978","86","100","Song","US","0.00000","0.801832869371",
"2026-05-22","2026-05-22","2026-04","YouTube (Red)","QuanThaSav and MiloMadness","Broncos Country Anthem","QZMEQ2536230","199336188978","3","100","Song","UA","0.00000","0.008766520763",
"2026-05-22","2026-05-22","2026-04","YouTube (Red)","QuanThaSav and MiloMadness","Broncos Country Anthem","QZMEQ2536230","199336188978","1","100","Song","SV","0.00000","0.001808631799",
"2026-05-22","2026-05-22","2026-04","YouTube (Red)","QuanThaSav and MiloMadness","Broncos Country Anthem","QZMEQ2536230","199336188978","1","100","Song","SE","0.00000","0.029467300903",
"2026-05-22","2026-05-22","2026-04","YouTube (Red)","QuanThaSav and MiloMadness","Broncos Country Anthem","QZMEQ2536230","199336188978","1","100","Song","PL","0.00000","0.003391843715",
"2026-05-22","2026-05-22","2026-04","YouTube (Red)","QuanThaSav and MiloMadness","Broncos Country Anthem","QZMEQ2536230","199336188978","1","100","Song","PH","0.00000","0.003632492479",
"2026-05-22","2026-05-22","2026-04","YouTube (Red)","QuanThaSav and MiloMadness","Broncos Country Anthem","QZMEQ2536230","199336188978","1","100","Song","MX","0.00000","0.001548100441",
"2026-05-22","2026-05-22","2026-04","YouTube (Red)","QuanThaSav and MiloMadness","Broncos Country Anthem","QZMEQ2536230","199336188978","1","100","Song","IN","0.00000","0.000499468130",
"2026-05-22","2026-05-22","2026-04","YouTube (Red)","QuanThaSav and MiloMadness","Broncos Country Anthem","QZMEQ2536230","199336188978","1","100","Song","CA","0.00000","0.005589105731",
"2026-05-22","2026-05-22","2026-04","YouTube (Red)","QuanThaSav and MiloMadness","Broncos Country Anthem","QZMEQ2536230","199336188978","11","100","Song","BR","0.00000","0.069454966222",
"2026-05-22","2026-05-22","2026-04","YouTube (Red)","QuanThaSav and MiloMadness","Broncos Country Anthem","QZMEQ2536230","199336188978","2","100","Song","AU","0.00000","0.023012893334",
"2026-05-22","2026-05-22","2026-04","YouTube (Red)","QuanThaSav and MiloMadness","Broncos Country Anthem","QZMEQ2536230","199336188978","3","100","Song","AE","0.00000","0.022398355362",
"2026-05-22","2026-05-22","2026-04","YouTube (ContentID)","QuanThaSav and MiloMadness","Broncos Country Anthem","QZMEQ2536230","199336188978","3","100","Song","US","0.00000","0.011308571537",
"2026-05-22","2026-05-22","2026-04","YouTube (ContentID)","QuanThaSav and MiloMadness","Broncos Country Anthem","QZMEQ2536230","199336188978","4","100","Song","US","0.00000","0.019114005171",
"2026-05-22","2026-05-22","2026-04","YouTube (ContentID)","QuanThaSav and MiloMadness","Broncos Country Anthem","QZMEQ2536230","199336188978","1","100","Song","US","0.00000","0.002201056247",
"2026-05-22","2026-05-22","2026-04","YouTube (ContentID)","QuanThaSav and MiloMadness","Broncos Country Anthem","QZMEQ2536230","199336188978","1","100","Song","US","0.00000","0.001751568951",
"2026-05-22","2026-05-22","2026-04","YouTube (ContentID)","QuanThaSav and MiloMadness","Broncos Country Anthem","QZMEQ2536230","199336188978","1","100","Song","US","0.00000","0.003854832441",
"2026-05-22","2026-05-22","2026-04","YouTube (ContentID)","QuanThaSav and MiloMadness","Broncos Country Anthem","QZMEQ2536230","199336188978","3","100","Song","US","0.00000","0.009557002585",
"2026-05-22","2026-05-22","2026-04","YouTube (ContentID)","QuanThaSav and MiloMadness","Broncos Country Anthem","QZMEQ2536230","199336188978","2","100","Song","US","0.00000","0.007709664882",
"2026-05-22","2026-05-22","2026-04","YouTube (ContentID)","QuanThaSav and MiloMadness","Broncos Country Anthem","QZMEQ2536230","199336188978","75","100","Song","US","0.00000","0.661639945862",
"2026-05-22","2026-05-22","2026-04","YouTube (ContentID)","QuanThaSav and MiloMadness","Broncos Country Anthem","QZMEQ2536230","199336188978","4","100","Song","MX","0.00000","0.006855963240",
"2026-05-22","2026-05-22","2026-04","YouTube (ContentID)","QuanThaSav and MiloMadness","Broncos Country Anthem","QZMEQ2536230","199336188978","1","100","Song","HU","0.00000","0.002708374907",
"2026-05-20","2026-05-20","2026-03","Facebook (Social Media Pack)","QuanThaSav and MiloMadness","Broncos Country Anthem","QZMEQ2536230","199336188978","1094","100","Song","US","0.00000","0.025331139942",
"2026-05-20","2026-05-20","2026-03","Facebook (Social Media Pack)","QuanThaSav and MiloMadness","Broncos Country Anthem","QZMEQ2536230","199336188978","81","100","Song","OU","0.00000","0.001875523150",
"2026-05-20","2026-05-20","2026-03","Facebook","QuanThaSav and MiloMadness","Broncos Country Anthem","QZMEQ2536230","199336188978","198","100","Song","US","0.00000","0.091665622392",
"2026-05-20","2026-05-20","2026-03","Facebook","QuanThaSav and MiloMadness","Broncos Country Anthem","QZMEQ2536230","199336188978","42","100","Song","OU","0.00000","0.019444222918",
"2026-05-20","2026-05-20","2026-03","TikTok","QuanThaSav and MiloMadness","Broncos Country Anthem","QZMEQ2536230","199336188978","32","100","Song","US","0.00000","0.030320232564",
"2026-05-20","2026-05-20","2026-03","TikTok (Social Media Pack)","QuanThaSav and MiloMadness","Broncos Country Anthem","QZMEQ2536230","199336188978","1","100","Song","US","0.00000","0.000758005814",
"2026-05-20","2026-05-20","2026-03","Pandora","QuanThaSav and MiloMadness","Broncos Country Anthem","QZMEQ2536230","199336188978","2","100","Song","US","0.00000","0.012817238602",
"2026-05-20","2026-05-20","2026-03","Pandora","QuanThaSav and MiloMadness","Broncos Country Anthem","QZMEQ2536230","199336188978","3","100","Song","US","0.00000","0.010500263644",
"2026-05-15","2026-05-15","2026-03","Amazon Unlimited (Streaming)","QuanThaSav and MiloMadness","Broncos Country Anthem","QZMEQ2536230","199336188978","1","100","Song","MX","0.00000","0.005370696911",
"2026-05-15","2026-05-15","2026-03","Amazon Unlimited (Streaming)","QuanThaSav and MiloMadness","Broncos Country Anthem","QZMEQ2536230","199336188978","99","100","Song","US","0.00000","0.766644140907",
"2026-05-15","2026-05-15","2026-03","Amazon Prime (Streaming)","QuanThaSav and B.Scar","We CU","QZWFL2519015","199511232755","1","100","Song","US","0.00000","0.002132034690",
"2026-05-15","2026-05-15","2026-03","Amazon Prime (Streaming)","QuanThaSav and MiloMadness","Broncos Country Anthem","QZMEQ2536230","199336188978","4","100","Song","US","0.00000","0.012792208144",
"2026-05-15","2026-05-15","2026-03","Amazon Unlimited (Streaming)","QuanThaSav and MiloMadness","Broncos Country Anthem","QZMEQ2536230","199336188978","4","100","Song","DE","0.00000","0.021901032644",
"2026-05-15","2026-05-15","2026-03","Tidal","QuanThaSav and MiloMadness","Broncos Country Anthem","QZMEQ2536230","199336188978","4","100","Song","PL","0.00000","0.032738340173",
"2026-05-15","2026-05-15","2026-03","Tidal","QuanThaSav and MiloMadness","Broncos Country Anthem","QZMEQ2536230","199336188978","1","100","Song","MX","0.00000","0.006436201823",
"2026-05-15","2026-05-15","2026-01","NetEase","QuanThaSav and MiloMadness","Broncos Country Anthem","QZMEQ2536230","199336188978","4","100","Song","US","0.00000","0.001885200230",
"2026-05-15","2026-05-15","2026-02","Deezer","QuanThaSav and MiloMadness","Broncos Country Anthem","QZMEQ2536230","199336188978","2","100","Song","US","0.00000","0.025452085893",
"2026-05-15","2026-05-15","2026-02","Deezer","QuanThaSav and MiloMadness","Broncos Country Anthem","QZMEQ2536230","199336188978","5","100","Song","BR","0.00000","0.002717074124",
"2026-04-23","2026-04-23","2026-03","Youtube Shorts Composition","QuanThaSav and MiloMadness","Broncos Country Anthem","QZMEQ2536230","199336188978","1805","100","Song","US","0.00000","0.023446538006",
"2026-04-23","2026-04-23","2026-03","YouTube (ContentID)","QuanThaSav and MiloMadness","Broncos Country Anthem","QZMEQ2536230","199336188978","2","100","Song","US","0.00000","0.007177049271",
"2026-04-23","2026-04-23","2026-03","YouTube (ContentID)","QuanThaSav and MiloMadness","Broncos Country Anthem","QZMEQ2536230","199336188978","1","100","Song","US","0.00000","0.005600935565",
"2026-04-23","2026-04-23","2026-03","YouTube (ContentID)","QuanThaSav and MiloMadness","Broncos Country Anthem","QZMEQ2536230","199336188978","22","100","Song","US","0.00000","0.068105112636",
"2026-04-23","2026-04-23","2026-03","YouTube (ContentID)","QuanThaSav and MiloMadness","Broncos Country Anthem","QZMEQ2536230","199336188978","1","100","Song","US","0.00000","0.003588524635",
"2026-04-23","2026-04-23","2026-03","YouTube (ContentID)","QuanThaSav and MiloMadness","Broncos Country Anthem","QZMEQ2536230","199336188978","1","100","Song","US","0.00000","0.001641656922",
"2026-04-23","2026-04-23","2026-03","YouTube (ContentID)","QuanThaSav and MiloMadness","Broncos Country Anthem","QZMEQ2536230","199336188978","121","100","Song","US","0.00000","1.094021201204",
"2026-04-23","2026-04-23","2026-03","YouTube (ContentID)","QuanThaSav and MiloMadness","Broncos Country Anthem","QZMEQ2536230","199336188978","2","100","Song","MX","0.00000","0.003239927625",
"2026-04-23","2026-04-23","2026-03","YouTube (ContentID)","QuanThaSav and MiloMadness","Broncos Country Anthem","QZMEQ2536230","199336188978","1","100","Song","EG","0.00000","0.000207628421",
"2026-04-23","2026-04-23","2026-03","YouTube (ContentID)","QuanThaSav and MiloMadness","Broncos Country Anthem","QZMEQ2536230","199336188978","1","100","Song","DE","0.00000","0.002888638419",
"2026-04-23","2026-04-23","2026-03","YouTube (ContentID)","QuanThaSav and MiloMadness","Broncos Country Anthem","QZMEQ2536230","199336188978","3","100","Song","CZ","0.00000","0.010925306112",
"2026-04-23","2026-04-23","2026-03","YouTube (ContentID)","QuanThaSav and MiloMadness","Broncos Country Anthem","QZMEQ2536230","199336188978","1","100","Song","CA","0.00000","0.004513487006",
"2026-04-23","2026-04-23","2026-03","YouTube (ContentID)","QuanThaSav and MiloMadness","Broncos Country Anthem","QZMEQ2536230","199336188978","1","100","Song","AU","0.00000","0.012217036230",
"2026-04-23","2026-04-23","2026-03","YouTube (Red)","QuanThaSav and MiloMadness","Broncos Country Anthem","QZMEQ2536230","199336188978","167","100","Song","US","0.00000","1.576474368408",
"2026-04-23","2026-04-23","2026-03","YouTube (Red)","QuanThaSav and MiloMadness","Broncos Country Anthem","QZMEQ2536230","199336188978","3","100","Song","UA","0.00000","0.008334182580",
"2026-04-23","2026-04-23","2026-03","YouTube (Red)","QuanThaSav and MiloMadness","Broncos Country Anthem","QZMEQ2536230","199336188978","1","100","Song","RO","0.00000","0.002281143376",
"2026-04-23","2026-04-23","2026-03","YouTube (Red)","QuanThaSav and MiloMadness","Broncos Country Anthem","QZMEQ2536230","199336188978","2","100","Song","PL","0.00000","0.006827483080",
"2026-04-23","2026-04-23","2026-03","YouTube (Red)","QuanThaSav and MiloMadness","Broncos Country Anthem","QZMEQ2536230","199336188978","12","100","Song","NZ","0.00000","0.063506425690",
"2026-04-23","2026-04-23","2026-03","YouTube (Red)","QuanThaSav and MiloMadness","Broncos Country Anthem","QZMEQ2536230","199336188978","1","100","Song","MY","0.00000","0.001751742906",
"2026-04-23","2026-04-23","2026-03","YouTube (Red)","QuanThaSav and MiloMadness","Broncos Country Anthem","QZMEQ2536230","199336188978","1","100","Song","HK","0.00000","0.005010598142",
"2026-04-23","2026-04-23","2026-03","YouTube (Red)","QuanThaSav and MiloMadness","Broncos Country Anthem","QZMEQ2536230","199336188978","1","100","Song","GH","0.00000","0.001860381593",
"2026-04-23","2026-04-23","2026-03","YouTube (Red)","QuanThaSav and MiloMadness","Broncos Country Anthem","QZMEQ2536230","199336188978","1","100","Song","FR","0.00000","0.005477232462",
"2026-04-23","2026-04-23","2026-03","YouTube (Red)","QuanThaSav and MiloMadness","Broncos Country Anthem","QZMEQ2536230","199336188978","4","100","Song","CA","0.00000","0.031622594237",
"2026-04-23","2026-04-23","2026-03","YouTube (Red)","QuanThaSav and MiloMadness","Broncos Country Anthem","QZMEQ2536230","199336188978","1","100","Song","BR","0.00000","0.005964293707",
"2026-04-23","2026-04-23","2026-03","YouTube (Red)","QuanThaSav and MiloMadness","Broncos Country Anthem","QZMEQ2536230","199336188978","1","100","Song","AR","0.00000","0.001777349869",
"2026-04-23","2026-04-23","2026-03","YouTube (Red) - Composition","QuanThaSav and MiloMadness","Broncos Country Anthem","QZMEQ2536230","199336188978","1","100","Song","US","0.00000","0.000358186026",
"2026-04-23","2026-04-23","2026-03","YouTube (Red) - Composition","QuanThaSav and MiloMadness","Broncos Country Anthem","QZMEQ2536230","199336188978","6","100","Song","US","0.00000","0.011975342316",
"2026-04-23","2026-04-23","2026-03","YouTube (Red) - Composition","QuanThaSav and MiloMadness","Broncos Country Anthem","QZMEQ2536230","199336188978","227","100","Song","US","0.00000","0.308776846754",
"2026-04-23","2026-04-23","2026-03","YouTube (Ads) - Composition","QuanThaSav and MiloMadness","Broncos Country Anthem","QZMEQ2536230","199336188978","1210","100","Song","US","0.00000","0.853343337509",
"2026-04-23","2026-04-23","2026-03","YouTube (Ads) - Composition","QuanThaSav and MiloMadness","Broncos Country Anthem","QZMEQ2536230","199336188978","3","100","Song","GU","0.00000","0.000385844721",
"2026-04-23","2026-04-23","2026-03","YouTube (Ads) - Composition","QuanThaSav and MiloMadness","Broncos Country Anthem","QZMEQ2536230","199336188978","2","100","Song","AS","0.00000","0.000127053755",
"2026-04-22","2026-04-22","2026-03","YouTube (Ads)","QuanThaSav and B.Scar","We CU","QZWFL2519015","199511232755","1","100","Song","MY","0.00000","0.000655158453",
"2026-04-22","2026-04-22","2026-03","YouTube (Ads)","QuanThaSav and MiloMadness","Broncos Country Anthem","QZMEQ2536230","199336188978","75","100","Song","US","0.00000","0.137013754932",
"2026-04-22","2026-04-22","2026-03","YouTube (Ads)","QuanThaSav and MiloMadness","Broncos Country Anthem","QZMEQ2536230","199336188978","1","100","Song","FR","0.00000","0.000179682591",
"2026-04-22","2026-04-22","2026-03","YouTube (Ads)","QuanThaSav and MiloMadness","Broncos Country Anthem","QZMEQ2536230","199336188978","1","100","Song","AS","0.00000","0.000281082415",
"2026-04-22","2026-04-22","2026-03","YouTube (ContentID)","QuanThaSav and B.Scar","We CU","QZWFL2519015","199511232755","3","100","Song","US","0.00000","0.003388500435",
"2026-04-22","2026-04-22","2026-03","YouTube (ContentID)","QuanThaSav and MiloMadness","Broncos Country Anthem","QZMEQ2536230","199336188978","1210","100","Song","US","0.00000","2.844477791699",
"2026-04-22","2026-04-22","2026-03","YouTube (ContentID)","QuanThaSav and MiloMadness","Broncos Country Anthem","QZMEQ2536230","199336188978","1","100","Song","SA","0.00000","0.000025618904",
"2026-04-22","2026-04-22","2026-03","YouTube (ContentID)","QuanThaSav and MiloMadness","Broncos Country Anthem","QZMEQ2536230","199336188978","1","100","Song","PL","0.00000","0.005448020192",
"2026-04-22","2026-04-22","2026-03","YouTube (ContentID)","QuanThaSav and MiloMadness","Broncos Country Anthem","QZMEQ2536230","199336188978","1","100","Song","PK","0.00000","0.000147308701",
"2026-04-22","2026-04-22","2026-03","YouTube (ContentID)","QuanThaSav and MiloMadness","Broncos Country Anthem","QZMEQ2536230","199336188978","1","100","Song","OM","0.00000","0.000409902474",
"2026-04-22","2026-04-22","2026-03","YouTube (ContentID)","QuanThaSav and MiloMadness","Broncos Country Anthem","QZMEQ2536230","199336188978","12","100","Song","MX","0.00000","0.005437212217",
"2026-04-22","2026-04-22","2026-03","YouTube (ContentID)","QuanThaSav and MiloMadness","Broncos Country Anthem","QZMEQ2536230","199336188978","3","100","Song","GU","0.00000","0.001286149072",
"2026-04-22","2026-04-22","2026-03","YouTube (ContentID)","QuanThaSav and MiloMadness","Broncos Country Anthem","QZMEQ2536230","199336188978","2","100","Song","GB","0.00000","0.002518258268",
"2026-04-22","2026-04-22","2026-03","YouTube (ContentID)","QuanThaSav and MiloMadness","Broncos Country Anthem","QZMEQ2536230","199336188978","2","100","Song","FR","0.00000","0.006857860539",
"2026-04-22","2026-04-22","2026-03","YouTube (ContentID)","QuanThaSav and MiloMadness","Broncos Country Anthem","QZMEQ2536230","199336188978","11","100","Song","DE","0.00000","0.036776337926",
"2026-04-22","2026-04-22","2026-03","YouTube (ContentID)","QuanThaSav and MiloMadness","Broncos Country Anthem","QZMEQ2536230","199336188978","17","100","Song","BR","0.00000","0.017182679410",
"2026-04-22","2026-04-22","2026-03","YouTube (ContentID)","QuanThaSav and MiloMadness","Broncos Country Anthem","QZMEQ2536230","199336188978","4","100","Song","AU","0.00000","0.001528728076",
"2026-04-22","2026-04-22","2026-03","YouTube (ContentID)","QuanThaSav and MiloMadness","Broncos Country Anthem","QZMEQ2536230","199336188978","2","100","Song","AT","0.00000","0.006585659677",
"2026-04-22","2026-04-22","2026-03","YouTube (ContentID)","QuanThaSav and MiloMadness","Broncos Country Anthem","QZMEQ2536230","199336188978","2","100","Song","AS","0.00000","0.000423512517",
"2026-04-22","2026-04-22","2026-03","Apple Music","QuanThaSav and B.Scar","We CU","QZWFL2519015","199511232755","5","100","Song","US","0.00000","0.050031864918",
"2026-04-22","2026-04-22","2026-03","Apple Music","QuanThaSav and MiloMadness","Broncos Country Anthem","QZMEQ2536230","199336188978","485","100","Song","US","0.00000","3.256961499751",
"2026-04-22","2026-04-22","2026-03","Apple Music","QuanThaSav and MiloMadness","Broncos Country Anthem","QZMEQ2536230","199336188978","1","100","Song","RU","0.00000","0.002785304264",
"2026-04-22","2026-04-22","2026-03","Apple Music","QuanThaSav and MiloMadness","Broncos Country Anthem","QZMEQ2536230","199336188978","2","100","Song","MX","0.00000","0.005299547962",
"2026-04-22","2026-04-22","2026-03","iTunes Songs","QuanThaSav and MiloMadness","Broncos Country Anthem","QZMEQ2536230","199336188978","1","100","Song","US","0.00000","0.490028059929",
"2026-04-22","2026-04-22","2026-03","Apple Music","QuanThaSav and MiloMadness","Broncos Country Anthem","QZMEQ2536230","199336188978","21","100","Song","CA","0.00000","0.079400293252",
"2026-04-22","2026-04-22","2026-03","Apple Music","QuanThaSav and MiloMadness","Broncos Country Anthem","QZMEQ2536230","199336188978","2","100","Song","AU","0.00000","0.026901815665",
"2026-04-20","2026-04-20","2026-02","Spotify","QuanThaSav and MiloMadness","Broncos Country Anthem","QZMEQ2536230","199336188978","2","100","Song","GB","0.00000","0.002725307790",
"2026-04-20","2026-04-20","2026-02","Spotify","QuanThaSav and MiloMadness","Broncos Country Anthem","QZMEQ2536230","199336188978","1","100","Song","ZM","0.00000","0.001393999381",
"2026-04-20","2026-04-20","2026-02","Spotify","QuanThaSav and MiloMadness","Broncos Country Anthem","QZMEQ2536230","199336188978","1049","100","Song","US","0.00000","3.559191419856",
"2026-04-20","2026-04-20","2026-02","Spotify","QuanThaSav and MiloMadness","Broncos Country Anthem","QZMEQ2536230","199336188978","1","100","Song","UA","0.00000","0.002150999045",
"2026-04-20","2026-04-20","2026-02","Spotify","QuanThaSav and MiloMadness","Broncos Country Anthem","QZMEQ2536230","199336188978","1","100","Song","QA","0.00000","0.003068998637",
"2026-04-20","2026-04-20","2026-02","Spotify","QuanThaSav and MiloMadness","Broncos Country Anthem","QZMEQ2536230","199336188978","2","100","Song","PA","0.00000","0.000182999918",
"2026-04-20","2026-04-20","2026-02","Spotify","QuanThaSav and MiloMadness","Broncos Country Anthem","QZMEQ2536230","199336188978","1","100","Song","NI","0.00000","0.000030999986",
"2026-04-20","2026-04-20","2026-02","Spotify","QuanThaSav and MiloMadness","Broncos Country Anthem","QZMEQ2536230","199336188978","1","100","Song","MD","0.00000","0.000038999982",
"2026-04-20","2026-04-20","2026-02","Spotify","QuanThaSav and MiloMadness","Broncos Country Anthem","QZMEQ2536230","199336188978","1","100","Song","MA","0.00000","0.000016999992",
"2026-04-20","2026-04-20","2026-02","Spotify","QuanThaSav and MiloMadness","Broncos Country Anthem","QZMEQ2536230","199336188978","12","100","Song","IN","0.00000","0.000908999596",
"2026-04-20","2026-04-20","2026-02","Spotify","QuanThaSav and MiloMadness","Broncos Country Anthem","QZMEQ2536230","199336188978","1","100","Song","EC","0.00000","0.000021999990",
"2026-04-20","2026-04-20","2026-02","Spotify","QuanThaSav and MiloMadness","Broncos Country Anthem","QZMEQ2536230","199336188978","1","100","Song","DO","0.00000","0.000104999953",
"2026-04-20","2026-04-20","2026-02","Spotify","QuanThaSav and MiloMadness","Broncos Country Anthem","QZMEQ2536230","199336188978","1","100","Song","CR","0.00000","0.000108999951",
"2026-04-20","2026-04-20","2026-02","Spotify","QuanThaSav and MiloMadness","Broncos Country Anthem","QZMEQ2536230","199336188978","1","100","Song","CM","0.00000","0.001499999334",
"2026-04-20","2026-04-20","2026-02","Spotify","QuanThaSav and MiloMadness","Broncos Country Anthem","QZMEQ2536230","199336188978","5","100","Song","ZA","0.00000","0.001628275277",
"2026-04-20","2026-04-20","2026-02","Spotify","QuanThaSav and MiloMadness","Broncos Country Anthem","QZMEQ2536230","199336188978","1","100","Song","SE","0.00000","0.003900095768",
"2026-04-20","2026-04-20","2026-02","Spotify","QuanThaSav and MiloMadness","Broncos Country Anthem","QZMEQ2536230","199336188978","1","100","Song","SA","0.00000","0.000071766468",
"2026-04-20","2026-04-20","2026-02","Spotify","QuanThaSav and MiloMadness","Broncos Country Anthem","QZMEQ2536230","199336188978","1","100","Song","RO","0.00000","0.000242358892",
"2026-04-20","2026-04-20","2026-02","Spotify","QuanThaSav and MiloMadness","Broncos Country Anthem","QZMEQ2536230","199336188978","2","100","Song","PT","0.00000","0.000204710909",
"2026-04-20","2026-04-20","2026-02","Spotify","QuanThaSav and MiloMadness","Broncos Country Anthem","QZMEQ2536230","199336188978","1","100","Song","PL","0.00000","0.000189416415",
"2026-04-20","2026-04-20","2026-02","Spotify","QuanThaSav and MiloMadness","Broncos Country Anthem","QZMEQ2536230","199336188978","7","100","Song","PH","0.00000","0.000305889864",
"2026-04-20","2026-04-20","2026-02","Spotify","QuanThaSav and MiloMadness","Broncos Country Anthem","QZMEQ2536230","199336188978","2","100","Song","NZ","0.00000","0.009567293752",
"2026-04-20","2026-04-20","2026-02","Spotify","QuanThaSav and MiloMadness","Broncos Country Anthem","QZMEQ2536230","199336188978","1","100","Song","NL","0.00000","0.000837667628",
"2026-04-20","2026-04-20","2026-02","Spotify","QuanThaSav and MiloMadness","Broncos Country Anthem","QZMEQ2536230","199336188978","55","100","Song","MX","0.00000","0.057654356903",
"2026-04-20","2026-04-20","2026-02","Spotify","QuanThaSav and MiloMadness","Broncos Country Anthem","QZMEQ2536230","199336188978","2","100","Song","IT","0.00000","0.001848280679",
"2026-04-20","2026-04-20","2026-02","Spotify","QuanThaSav and MiloMadness","Broncos Country Anthem","QZMEQ2536230","199336188978","1","100","Song","IE","0.00000","0.000565896248",
"2026-04-20","2026-04-20","2026-02","Spotify","QuanThaSav and MiloMadness","Broncos Country Anthem","QZMEQ2536230","199336188978","12","100","Song","ID","0.00000","0.000161180428",
"2026-04-20","2026-04-20","2026-02","Spotify","QuanThaSav and MiloMadness","Broncos Country Anthem","QZMEQ2536230","199336188978","1","100","Song","HU","0.00000","0.001803573699",
"2026-04-20","2026-04-20","2026-02","Spotify","QuanThaSav and MiloMadness","Broncos Country Anthem","QZMEQ2536230","199336188978","1","100","Song","HR","0.00000","0.003328317022",
"2026-04-20","2026-04-20","2026-02","Spotify","QuanThaSav and MiloMadness","Broncos Country Anthem","QZMEQ2536230","199336188978","1","100","Song","HK","0.00000","0.006558984588",
"2026-04-20","2026-04-20","2026-02","Spotify","QuanThaSav and MiloMadness","Broncos Country Anthem","QZMEQ2536230","199336188978","7","100","Song","FR","0.00000","0.025248855290",
"2026-04-20","2026-04-20","2026-02","Spotify","QuanThaSav and MiloMadness","Broncos Country Anthem","QZMEQ2536230","199336188978","1","100","Song","ES","0.00000","0.000370597335",
"2026-04-20","2026-04-20","2026-02","Spotify","QuanThaSav and MiloMadness","Broncos Country Anthem","QZMEQ2536230","199336188978","1","100","Song","EE","0.00000","0.004516581494",
"2026-04-20","2026-04-20","2026-02","Spotify","QuanThaSav and MiloMadness","Broncos Country Anthem","QZMEQ2536230","199336188978","24","100","Song","DE","0.00000","0.083817352288",
"2026-04-20","2026-04-20","2026-02","Spotify","QuanThaSav and MiloMadness","Broncos Country Anthem","QZMEQ2536230","199336188978","2","100","Song","CY","0.00000","0.000144709435",
"2026-04-20","2026-04-20","2026-02","Spotify","QuanThaSav and MiloMadness","Broncos Country Anthem","QZMEQ2536230","199336188978","5","100","Song","CH","0.00000","0.037963285145",
"2026-04-20","2026-04-20","2026-02","Spotify","QuanThaSav and MiloMadness","Broncos Country Anthem","QZMEQ2536230","199336188978","31","100","Song","CA","0.00000","0.063245082421",
"2026-04-20","2026-04-20","2026-02","Spotify","QuanThaSav and MiloMadness","Broncos Country Anthem","QZMEQ2536230","199336188978","15","100","Song","BR","0.00000","0.031132529178",
"2026-04-20","2026-04-20","2026-02","Spotify","QuanThaSav and MiloMadness","Broncos Country Anthem","QZMEQ2536230","199336188978","19","100","Song","AU","0.00000","0.068780512464",
"2026-04-15","2026-04-15","2026-02","Tidal","QuanThaSav and MiloMadness","Broncos Country Anthem","QZMEQ2536230","199336188978","2","100","Song","MX","0.00000","0.013473879673",
"2026-04-15","2026-04-15","2026-02","Pandora","QuanThaSav and MiloMadness","Broncos Country Anthem","QZMEQ2536230","199336188978","4","100","Song","US","0.00000","0.026378602212",
"2026-04-15","2026-04-15","2025-12","NetEase","QuanThaSav and MiloMadness","Broncos Country Anthem","QZMEQ2536230","199336188978","2","100","Song","US","0.00000","0.000913352158",
"2026-04-15","2026-04-15","2026-01","Deezer","QuanThaSav and MiloMadness","Broncos Country Anthem","QZMEQ2536230","199336188978","34","100","Song","US","0.00000","0.084201700106",
"2026-04-15","2026-04-15","2026-01","Deezer","QuanThaSav and MiloMadness","Broncos Country Anthem","QZMEQ2536230","199336188978","1","100","Song","DE","0.00000","0.001012555201",
"2026-04-15","2026-04-15","2026-01","Deezer","QuanThaSav and MiloMadness","Broncos Country Anthem","QZMEQ2536230","199336188978","8","100","Song","BR","0.00000","0.005944429780",
"2026-04-15","2026-04-15","2026-02","TikTok","QuanThaSav and MiloMadness","Broncos Country Anthem","QZMEQ2536230","199336188978","48","100","Song","US","0.00000","0.054709090085",
"2026-04-15","2026-04-15","2026-02","TikTok","QuanThaSav and MiloMadness","Broncos Country Anthem","QZMEQ2536230","199336188978","1","100","Song","NG","0.00000","0.001139772679",
"2026-04-15","2026-04-15","2026-02","TikTok (Social Media Pack)","QuanThaSav and MiloMadness","Broncos Country Anthem","QZMEQ2536230","199336188978","5","100","Song","US","0.00000","0.004559090796",
"2026-04-15","2026-04-15","2026-02","TikTok (Social Media Pack)","QuanThaSav and MiloMadness","Broncos Country Anthem","QZMEQ2536230","199336188978","1","100","Song","NG","0.00000","0.000911818143",
"2026-04-15","2026-04-15","2026-02","TikTok (Social Media Pack)","QuanThaSav and MiloMadness","Broncos Country Anthem","QZMEQ2536230","199336188978","1","100","Song","BO","0.00000","0.000911818143",
"2026-04-15","2026-04-15","2026-01","TikTok (Social Media Pack)","QuanThaSav and MiloMadness","Broncos Country Anthem","QZMEQ2536230","199336188978","106","100","Song","US","0.00000","0.094466358088",
"2026-04-15","2026-04-15","2026-01","TikTok (Social Media Pack)","QuanThaSav and MiloMadness","Broncos Country Anthem","QZMEQ2536230","199336188978","1","100","Song","NG","0.00000","0.000891192029",
"2026-04-15","2026-04-15","2026-01","TikTok (Social Media Pack)","QuanThaSav and MiloMadness","Broncos Country Anthem","QZMEQ2536230","199336188978","1","100","Song","MX","0.00000","0.000891192029",
"2026-04-15","2026-04-15","2026-01","TikTok (Social Media Pack)","QuanThaSav and MiloMadness","Broncos Country Anthem","QZMEQ2536230","199336188978","1","100","Song","KR","0.00000","0.000891192029",
"2026-04-15","2026-04-15","2026-01","TikTok (Social Media Pack)","QuanThaSav and MiloMadness","Broncos Country Anthem","QZMEQ2536230","199336188978","3","100","Song","BR","0.00000","0.002673576170",
"2026-04-15","2026-04-15","2026-01","TikTok","QuanThaSav and MiloMadness","Broncos Country Anthem","QZMEQ2536230","199336188978","1625","100","Song","US","0.00000","1.810233865984",
"2026-04-15","2026-04-15","2026-01","TikTok","QuanThaSav and MiloMadness","Broncos Country Anthem","QZMEQ2536230","199336188978","1","100","Song","PR","0.00000","0.001113990037",
"2026-04-15","2026-04-15","2026-01","TikTok","QuanThaSav and MiloMadness","Broncos Country Anthem","QZMEQ2536230","199336188978","2","100","Song","NL","0.00000","0.002227980176",
"2026-04-15","2026-04-15","2026-01","TikTok","QuanThaSav and MiloMadness","Broncos Country Anthem","QZMEQ2536230","199336188978","1","100","Song","NG","0.00000","0.001113990037",
"2026-04-15","2026-04-15","2026-01","TikTok","QuanThaSav and MiloMadness","Broncos Country Anthem","QZMEQ2536230","199336188978","12","100","Song","MX","0.00000","0.013367880853",
"2026-04-15","2026-04-15","2026-01","TikTok","QuanThaSav and MiloMadness","Broncos Country Anthem","QZMEQ2536230","199336188978","1","100","Song","DE","0.00000","0.001113990037",
"2026-04-15","2026-04-15","2026-01","TikTok","QuanThaSav and MiloMadness","Broncos Country Anthem","QZMEQ2536230","199336188978","3","100","Song","AS","0.00000","0.003341970213",
"2026-04-15","2026-04-15","2026-02","Amazon Unlimited (Streaming)","QuanThaSav and MiloMadness","Broncos Country Anthem","QZMEQ2536230","199336188978","5","100","Song","MX","0.00000","0.031530279744",
"2026-04-15","2026-04-15","2026-02","Amazon Unlimited (Streaming)","QuanThaSav and MiloMadness","Broncos Country Anthem","QZMEQ2536230","199336188978","114","100","Song","US","0.00000","1.190320786586",
"2026-04-15","2026-04-15","2026-02","Amazon Prime (Streaming)","QuanThaSav and B.Scar","We CU","QZWFL2519015","199511232755","2","100","Song","US","0.00000","0.004258656255",
"2026-04-15","2026-04-15","2026-02","Amazon Prime (Streaming)","QuanThaSav and MiloMadness","Broncos Country Anthem","QZMEQ2536230","199336188978","9","100","Song","US","0.00000","0.025551937534",
"2026-04-15","2026-04-15","2026-02","Amazon Unlimited (Streaming)","QuanThaSav and MiloMadness","Broncos Country Anthem","QZMEQ2536230","199336188978","1","100","Song","DE","0.00000","0.005996485754",
"2026-03-26","2026-03-26","2026-02","Facebook (Social Media Pack)","QuanThaSav and MiloMadness","Broncos Country Anthem","QZMEQ2536230","199336188978","2913","100","Song","US","0.00000","0.078884885638",
"2026-03-26","2026-03-26","2026-02","Facebook (Social Media Pack)","QuanThaSav and MiloMadness","Broncos Country Anthem","QZMEQ2536230","199336188978","170","100","Song","OU","0.00000","0.004603649339",
"2026-03-26","2026-03-26","2026-02","Facebook","QuanThaSav and MiloMadness","Broncos Country Anthem","QZMEQ2536230","199336188978","126","100","Song","US","0.00000","0.075148345240",
"2026-03-26","2026-03-26","2026-02","Facebook","QuanThaSav and MiloMadness","Broncos Country Anthem","QZMEQ2536230","199336188978","38","100","Song","OU","0.00000","0.022663786657",
"2026-03-26","2026-03-26","2026-01","Facebook (Social Media Pack)","QuanThaSav and MiloMadness","Broncos Country Anthem","QZMEQ2536230","199336188978","22332","100","Song","US","0.00000","0.451579169801",
"2026-03-26","2026-03-26","2026-01","Facebook (Social Media Pack)","QuanThaSav and MiloMadness","Broncos Country Anthem","QZMEQ2536230","199336188978","1512","100","Song","OU","0.00000","0.030574409115",
"2026-03-26","2026-03-26","2026-01","Facebook","QuanThaSav and MiloMadness","Broncos Country Anthem","QZMEQ2536230","199336188978","6559","100","Song","US","0.00000","3.163862020889",
"2026-03-26","2026-03-26","2026-01","Facebook","QuanThaSav and MiloMadness","Broncos Country Anthem","QZMEQ2536230","199336188978","116","100","Song","OU","0.00000","0.055954870337",
"2026-03-26","2026-03-26","2026-01","Facebook","QuanThaSav and MiloMadness","Broncos Country Anthem","QZMEQ2536230","199336188978","470","100","Song","MX","0.00000","0.226713698706",
"2026-03-26","2026-03-26","2025-11","Facebook (Social Media Pack)","QuanThaSav and MiloMadness","Broncos Country Anthem","QZMEQ2536230","199336188978","13731","100","Song","US","0.00000","0.373181088475",
"2026-03-26","2026-03-26","2025-11","Facebook (Social Media Pack)","QuanThaSav and MiloMadness","Broncos Country Anthem","QZMEQ2536230","199336188978","2107","100","Song","OU","0.00000","0.057264041480",
"2026-03-26","2026-03-26","2025-11","Facebook (Social Media Pack)","QuanThaSav and MiloMadness","Broncos Country Anthem","QZMEQ2536230","199336188978","2486","100","Song","BR","0.00000","0.067564502654",
"2026-03-26","2026-03-26","2025-11","Facebook","QuanThaSav and MiloMadness","Broncos Country Anthem","QZMEQ2536230","199336188978","2053","100","Song","US","0.00000","1.723439317919",
"2026-03-26","2026-03-26","2025-11","Facebook","QuanThaSav and MiloMadness","Broncos Country Anthem","QZMEQ2536230","199336188978","62","100","Song","OU","0.00000","0.052047363714",
"2026-03-26","2026-03-26","2025-12","Facebook (Social Media Pack)","QuanThaSav and MiloMadness","Broncos Country Anthem","QZMEQ2536230","199336188978","6740","100","Song","US","0.00000","0.086472440432",
"2026-03-26","2026-03-26","2025-12","Facebook (Social Media Pack)","QuanThaSav and MiloMadness","Broncos Country Anthem","QZMEQ2536230","199336188978","530","100","Song","OU","0.00000","0.006799761637",
"2026-03-26","2026-03-26","2025-12","Facebook","QuanThaSav and B.Scar","We CU","QZWFL2519015","199511232755","1","100","Song","US","0.00000","0.000254220607",
"2026-03-26","2026-03-26","2025-12","Facebook","QuanThaSav and MiloMadness","Broncos Country Anthem","QZMEQ2536230","199336188978","3136","100","Song","US","0.00000","0.797235825702",
"2026-03-26","2026-03-26","2025-12","Facebook","QuanThaSav and MiloMadness","Broncos Country Anthem","QZMEQ2536230","199336188978","86","100","Song","OU","0.00000","0.021862972277",
"2026-03-26","2026-03-26","2025-12","Facebook","QuanThaSav and MiloMadness","Broncos Country Anthem","QZMEQ2536230","199336188978","139","100","Song","MX","0.00000","0.035336664468",
"2026-03-26","2026-03-26","2025-10","Facebook (Social Media Pack)","QuanThaSav and B.Scar","We CU","QZWFL2519015","199511232755","19","100","Song","US","0.00000","0.000818331191",
"2026-03-26","2026-03-26","2025-10","Facebook (Social Media Pack)","QuanThaSav and MiloMadness","Broncos Country Anthem","QZMEQ2536230","199336188978","11278","100","Song","US","0.00000","0.485744167400",
"2026-03-26","2026-03-26","2025-10","Facebook (Social Media Pack)","QuanThaSav and MiloMadness","Broncos Country Anthem","QZMEQ2536230","199336188978","697","100","Song","OU","0.00000","0.030019833725",
"2026-03-26","2026-03-26","2025-10","Facebook","QuanThaSav and B.Scar","We CU","QZWFL2519015","199511232755","1","100","Song","US","0.00000","0.001069450201",
"2026-03-26","2026-03-26","2025-10","Facebook","QuanThaSav and MiloMadness","Broncos Country Anthem","QZMEQ2536230","199336188978","2511","100","Song","US","0.00000","2.685389456651",
"2026-03-26","2026-03-26","2025-10","Facebook","QuanThaSav and MiloMadness","Broncos Country Anthem","QZMEQ2536230","199336188978","182","100","Song","PG","0.00000","0.194639936723",
"2026-03-26","2026-03-26","2025-10","Facebook","QuanThaSav and MiloMadness","Broncos Country Anthem","QZMEQ2536230","199336188978","97","100","Song","OU","0.00000","0.103736669524",
"2026-03-26","2026-03-26","2026-01","Spotify","QuanThaSav and MiloMadness","Broncos Country Anthem","QZMEQ2536230","199336188978","4","100","Song","GB","0.00000","0.004692083110",
"2026-03-26","2026-03-26","2026-01","Spotify","QuanThaSav and MiloMadness","Broncos Country Anthem","QZMEQ2536230","199336188978","3564","100","Song","US","0.00000","13.204630808236",
"2026-03-26","2026-03-26","2026-01","Spotify","QuanThaSav and MiloMadness","Broncos Country Anthem","QZMEQ2536230","199336188978","1","100","Song","SN","0.00000","0.000798999746",
"2026-03-26","2026-03-26","2026-01","Spotify","QuanThaSav and MiloMadness","Broncos Country Anthem","QZMEQ2536230","199336188978","2","100","Song","KE","0.00000","0.000444999858",
"2026-03-26","2026-03-26","2026-01","Spotify","QuanThaSav and MiloMadness","Broncos Country Anthem","QZMEQ2536230","199336188978","2","100","Song","JO","0.00000","0.006989997781",
"2026-03-26","2026-03-26","2026-01","Spotify","QuanThaSav and MiloMadness","Broncos Country Anthem","QZMEQ2536230","199336188978","8","100","Song","IN","0.00000","0.000572999818",
"2026-03-26","2026-03-26","2026-01","Spotify","QuanThaSav and MiloMadness","Broncos Country Anthem","QZMEQ2536230","199336188978","2","100","Song","HN","0.00000","0.000020999993",
"2026-03-26","2026-03-26","2026-01","Spotify","QuanThaSav and MiloMadness","Broncos Country Anthem","QZMEQ2536230","199336188978","4","100","Song","GT","0.00000","0.000111999964",
"2026-03-26","2026-03-26","2026-01","Spotify","QuanThaSav and MiloMadness","Broncos Country Anthem","QZMEQ2536230","199336188978","6","100","Song","CM","0.00000","0.009210997076",
"2026-03-26","2026-03-26","2026-01","Spotify","QuanThaSav and MiloMadness","Broncos Country Anthem","QZMEQ2536230","199336188978","5","100","Song","ZA","0.00000","0.000291715107",
"2026-03-26","2026-03-26","2026-01","Spotify","QuanThaSav and MiloMadness","Broncos Country Anthem","QZMEQ2536230","199336188978","2","100","Song","TR","0.00000","0.001664628271",
"2026-03-26","2026-03-26","2026-01","Spotify","QuanThaSav and MiloMadness","Broncos Country Anthem","QZMEQ2536230","199336188978","1","100","Song","PK","0.00000","0.000001157599",
"2026-03-26","2026-03-26","2026-01","Spotify","QuanThaSav and MiloMadness","Broncos Country Anthem","QZMEQ2536230","199336188978","4","100","Song","PH","0.00000","0.001425005147",
"2026-03-26","2026-03-26","2026-01","Spotify","QuanThaSav and MiloMadness","Broncos Country Anthem","QZMEQ2536230","199336188978","2","100","Song","NZ","0.00000","0.005047134397",
"2026-03-26","2026-03-26","2026-01","Spotify","QuanThaSav and MiloMadness","Broncos Country Anthem","QZMEQ2536230","199336188978","4","100","Song","MY","0.00000","0.000091450370",
"2026-03-26","2026-03-26","2026-01","Spotify","QuanThaSav and MiloMadness","Broncos Country Anthem","QZMEQ2536230","199336188978","148","100","Song","MX","0.00000","0.200987078597",
"2026-03-26","2026-03-26","2026-01","Spotify","QuanThaSav and MiloMadness","Broncos Country Anthem","QZMEQ2536230","199336188978","1","100","Song","JP","0.00000","0.004279645841",
"2026-03-26","2026-03-26","2026-01","Spotify","QuanThaSav and MiloMadness","Broncos Country Anthem","QZMEQ2536230","199336188978","2","100","Song","IT","0.00000","0.000850835729",
"2026-03-26","2026-03-26","2026-01","Spotify","QuanThaSav and MiloMadness","Broncos Country Anthem","QZMEQ2536230","199336188978","1","100","Song","IL","0.00000","0.000160906348",
"2026-03-26","2026-03-26","2026-01","Spotify","QuanThaSav and MiloMadness","Broncos Country Anthem","QZMEQ2536230","199336188978","7","100","Song","ID","0.00000","0.000032412789",
"2026-03-26","2026-03-26","2026-01","Spotify","QuanThaSav and MiloMadness","Broncos Country Anthem","QZMEQ2536230","199336188978","1","100","Song","HU","0.00000","0.001741029847",
"2026-03-26","2026-03-26","2026-01","Spotify","QuanThaSav and MiloMadness","Broncos Country Anthem","QZMEQ2536230","199336188978","2","100","Song","HK","0.00000","0.009031592332",
"2026-03-26","2026-03-26","2026-01","Spotify","QuanThaSav and MiloMadness","Broncos Country Anthem","QZMEQ2536230","199336188978","36","100","Song","FR","0.00000","0.091385545389",
"2026-03-26","2026-03-26","2026-01","Spotify","QuanThaSav and MiloMadness","Broncos Country Anthem","QZMEQ2536230","199336188978","5","100","Song","ES","0.00000","0.001238631606",
"2026-03-26","2026-03-26","2026-01","Spotify","QuanThaSav and MiloMadness","Broncos Country Anthem","QZMEQ2536230","199336188978","3","100","Song","EE","0.00000","0.012527543223",
"2026-03-26","2026-03-26","2026-01","Spotify","QuanThaSav and MiloMadness","Broncos Country Anthem","QZMEQ2536230","199336188978","43","100","Song","DE","0.00000","0.229399203978",
"2026-03-26","2026-03-26","2026-01","Spotify","QuanThaSav and MiloMadness","Broncos Country Anthem","QZMEQ2536230","199336188978","1","100","Song","CY","0.00000","0.000038200787",
"2026-03-26","2026-03-26","2026-01","Spotify","QuanThaSav and MiloMadness","Broncos Country Anthem","QZMEQ2536230","199336188978","6","100","Song","CH","0.00000","0.043920487657",
"2026-03-26","2026-03-26","2026-01","Spotify","QuanThaSav and MiloMadness","Broncos Country Anthem","QZMEQ2536230","199336188978","62","100","Song","CA","0.00000","0.142258576440",
"2026-03-26","2026-03-26","2026-01","Spotify","QuanThaSav and MiloMadness","Broncos Country Anthem","QZMEQ2536230","199336188978","140","100","Song","BR","0.00000","0.338331644597",
"2026-03-26","2026-03-26","2026-01","Spotify","QuanThaSav and MiloMadness","Broncos Country Anthem","QZMEQ2536230","199336188978","35","100","Song","AU","0.00000","0.101676606123",
"2026-03-26","2026-03-26","2026-01","Spotify","QuanThaSav and MiloMadness","Broncos Country Anthem","QZMEQ2536230","199336188978","1","100","Song","AT","0.00000","0.002812967107",
"2026-03-25","2026-03-25","2026-02","YouTube (Red) - Composition","QuanThaSav and MiloMadness","Broncos Country Anthem","QZMEQ2536230","199336188978","229","100","Song","US","0.00000","0.330311363693",
"2026-03-25","2026-03-25","2026-02","YouTube (Audio)","QuanThaSav and MiloMadness","Broncos Country Anthem","QZMEQ2536230","199336188978","1","100","Song","CA","0.00000","0.001686117764",
"2026-03-25","2026-03-25","2026-02","YouTube (Ads) - Composition","QuanThaSav and MiloMadness","Broncos Country Anthem","QZMEQ2536230","199336188978","1073","100","Song","US","0.00000","0.822334254553",
"2026-03-25","2026-03-25","2026-02","YouTube (Ads) - Composition","QuanThaSav and MiloMadness","Broncos Country Anthem","QZMEQ2536230","199336188978","1","100","Song","PR","0.00000","0.000117071332",
"2026-03-25","2026-03-25","2026-02","YouTube (Ads) - Composition","QuanThaSav and MiloMadness","Broncos Country Anthem","QZMEQ2536230","199336188978","0","100","Song","AS","0.00000","0.000021493095",
"2026-03-25","2026-03-25","2026-02","YouTube (Ads)","QuanThaSav and B.Scar","We CU","QZWFL2519015","199511232755","1","100","Song","US","0.00000","0.000584681250",
"2026-03-25","2026-03-25","2026-02","YouTube (Ads)","QuanThaSav and MiloMadness","Broncos Country Anthem","QZMEQ2536230","199336188978","115","100","Song","US","0.00000","0.391240535851",
"2026-03-25","2026-03-25","2026-02","YouTube (Ads)","QuanThaSav and MiloMadness","Broncos Country Anthem","QZMEQ2536230","199336188978","0","100","Song","SV","0.00000","0.000137108541",
"2026-03-25","2026-03-25","2026-02","YouTube (Ads)","QuanThaSav and MiloMadness","Broncos Country Anthem","QZMEQ2536230","199336188978","1","100","Song","NZ","0.00000","0.000348287214",
"2026-03-25","2026-03-25","2026-02","YouTube (Ads)","QuanThaSav and MiloMadness","Broncos Country Anthem","QZMEQ2536230","199336188978","0","100","Song","GB","0.00000","0.001944734941",
"2026-03-25","2026-03-25","2026-02","YouTube (ContentID)","QuanThaSav and MiloMadness","Broncos Country Anthem","QZMEQ2536230","199336188978","1073","100","Song","US","0.00000","2.741114181843",
"2026-03-25","2026-03-25","2026-02","YouTube (ContentID)","QuanThaSav and MiloMadness","Broncos Country Anthem","QZMEQ2536230","199336188978","2","100","Song","TC","0.00000","0.001254764537",
"2026-03-25","2026-03-25","2026-02","YouTube (ContentID)","QuanThaSav and MiloMadness","Broncos Country Anthem","QZMEQ2536230","199336188978","1","100","Song","PY","0.00000","0.000294979733",
"2026-03-25","2026-03-25","2026-02","YouTube (ContentID)","QuanThaSav and MiloMadness","Broncos Country Anthem","QZMEQ2536230","199336188978","1","100","Song","PR","0.00000","0.000390237774",
"2026-03-25","2026-03-25","2026-02","YouTube (ContentID)","QuanThaSav and MiloMadness","Broncos Country Anthem","QZMEQ2536230","199336188978","1","100","Song","PL","0.00000","0.002129297397",
"2026-03-25","2026-03-25","2026-02","YouTube (ContentID)","QuanThaSav and MiloMadness","Broncos Country Anthem","QZMEQ2536230","199336188978","1","100","Song","NZ","0.00000","0.002161717150",
"2026-03-25","2026-03-25","2026-02","YouTube (ContentID)","QuanThaSav and MiloMadness","Broncos Country Anthem","QZMEQ2536230","199336188978","18","100","Song","MX","0.00000","0.003513340705",
"2026-03-25","2026-03-25","2026-02","YouTube (ContentID)","QuanThaSav and MiloMadness","Broncos Country Anthem","QZMEQ2536230","199336188978","1","100","Song","KE","0.00000","0.000172505108",
"2026-03-25","2026-03-25","2026-02","YouTube (ContentID)","QuanThaSav and MiloMadness","Broncos Country Anthem","QZMEQ2536230","199336188978","1","100","Song","IT","0.00000","0.000214530715",
"2026-03-25","2026-03-25","2026-02","YouTube (ContentID)","QuanThaSav and MiloMadness","Broncos Country Anthem","QZMEQ2536230","199336188978","1","100","Song","IN","0.00000","0.000248551444",
"2026-03-25","2026-03-25","2026-02","YouTube (ContentID)","QuanThaSav and MiloMadness","Broncos Country Anthem","QZMEQ2536230","199336188978","1","100","Song","IE","0.00000","0.001659811335",
"2026-03-25","2026-03-25","2026-02","YouTube (ContentID)","QuanThaSav and MiloMadness","Broncos Country Anthem","QZMEQ2536230","199336188978","1","100","Song","GR","0.00000","0.004753696463",
"2026-03-25","2026-03-25","2026-02","YouTube (ContentID)","QuanThaSav and MiloMadness","Broncos Country Anthem","QZMEQ2536230","199336188978","13","100","Song","GB","0.00000","0.035167027538",
"2026-03-25","2026-03-25","2026-02","YouTube (ContentID)","QuanThaSav and MiloMadness","Broncos Country Anthem","QZMEQ2536230","199336188978","19","100","Song","FR","0.00000","0.052915842027",
"2026-03-25","2026-03-25","2026-02","YouTube (ContentID)","QuanThaSav and MiloMadness","Broncos Country Anthem","QZMEQ2536230","199336188978","31","100","Song","DE","0.00000","0.095119156830",
"2026-03-25","2026-03-25","2026-02","YouTube (ContentID)","QuanThaSav and MiloMadness","Broncos Country Anthem","QZMEQ2536230","199336188978","1","100","Song","CH","0.00000","0.007342073581",
"2026-03-25","2026-03-25","2026-02","YouTube (ContentID)","QuanThaSav and MiloMadness","Broncos Country Anthem","QZMEQ2536230","199336188978","3","100","Song","CA","0.00000","0.013308909220",
"2026-03-25","2026-03-25","2026-02","YouTube (ContentID)","QuanThaSav and MiloMadness","Broncos Country Anthem","QZMEQ2536230","199336188978","3","100","Song","BR","0.00000","0.003015037085",
"2026-03-25","2026-03-25","2026-02","YouTube (ContentID)","QuanThaSav and MiloMadness","Broncos Country Anthem","QZMEQ2536230","199336188978","0","100","Song","AS","0.00000","0.000071643653",
"2026-03-25","2026-03-25","2026-02","YouTube (Red)","QuanThaSav and MiloMadness","Broncos Country Anthem","QZMEQ2536230","199336188978","138","100","Song","US","0.00000","1.231676578073",
"2026-03-25","2026-03-25","2026-02","YouTube (Red)","QuanThaSav and MiloMadness","Broncos Country Anthem","QZMEQ2536230","199336188978","3","100","Song","UA","0.00000","0.007705628308",
"2026-03-25","2026-03-25","2026-02","YouTube (Red)","QuanThaSav and MiloMadness","Broncos Country Anthem","QZMEQ2536230","199336188978","1","100","Song","TH","0.00000","0.003830704696",
"2026-03-25","2026-03-25","2026-02","YouTube (Red)","QuanThaSav and MiloMadness","Broncos Country Anthem","QZMEQ2536230","199336188978","1","100","Song","PL","0.00000","0.007491464907",
"2026-03-25","2026-03-25","2026-02","YouTube (Red)","QuanThaSav and MiloMadness","Broncos Country Anthem","QZMEQ2536230","199336188978","2","100","Song","PH","0.00000","0.005358901265",
"2026-03-25","2026-03-25","2026-02","YouTube (Red)","QuanThaSav and MiloMadness","Broncos Country Anthem","QZMEQ2536230","199336188978","6","100","Song","NZ","0.00000","0.034800784356",
"2026-03-25","2026-03-25","2026-02","YouTube (Red)","QuanThaSav and MiloMadness","Broncos Country Anthem","QZMEQ2536230","199336188978","1","100","Song","MX","0.00000","0.006748104935",
"2026-03-25","2026-03-25","2026-02","YouTube (Red)","QuanThaSav and MiloMadness","Broncos Country Anthem","QZMEQ2536230","199336188978","1","100","Song","KR","0.00000","0.009004104187",
"2026-03-25","2026-03-25","2026-02","YouTube (Red)","QuanThaSav and MiloMadness","Broncos Country Anthem","QZMEQ2536230","199336188978","1","100","Song","IN","0.00000","0.001779116930",
"2026-03-25","2026-03-25","2026-02","YouTube (Red)","QuanThaSav and MiloMadness","Broncos Country Anthem","QZMEQ2536230","199336188978","1","100","Song","GR","0.00000","0.015114618231",
"2026-03-25","2026-03-25","2026-02","YouTube (Red)","QuanThaSav and MiloMadness","Broncos Country Anthem","QZMEQ2536230","199336188978","1","100","Song","CA","0.00000","0.006385982957",
"2026-03-25","2026-03-25","2026-02","YouTube (Red)","QuanThaSav and MiloMadness","Broncos Country Anthem","QZMEQ2536230","199336188978","7","100","Song","BR","0.00000","0.043831764886",
"2026-03-25","2026-03-25","2026-02","YouTube (Red)","QuanThaSav and MiloMadness","Broncos Country Anthem","QZMEQ2536230","199336188978","1","100","Song","AU","0.00000","0.007833563012",
"2026-03-25","2026-03-25","2026-02","YouTube (ContentID)","QuanThaSav and MiloMadness","Broncos Country Anthem","QZMEQ2536230","199336188978","1","100","Song","US","0.00000","0.003649402539",
"2026-03-25","2026-03-25","2026-02","YouTube (ContentID)","QuanThaSav and MiloMadness","Broncos Country Anthem","QZMEQ2536230","199336188978","2","100","Song","US","0.00000","0.005885919547",
"2026-03-25","2026-03-25","2026-02","YouTube (ContentID)","QuanThaSav and MiloMadness","Broncos Country Anthem","QZMEQ2536230","199336188978","2","100","Song","US","0.00000","0.009535322087",
"2026-03-25","2026-03-25","2026-02","YouTube (ContentID)","QuanThaSav and MiloMadness","Broncos Country Anthem","QZMEQ2536230","199336188978","148","100","Song","US","0.00000","1.469652206115",
"2026-03-25","2026-03-25","2026-02","YouTube (ContentID)","QuanThaSav and MiloMadness","Broncos Country Anthem","QZMEQ2536230","199336188978","4","100","Song","MX","0.00000","0.007624183761",
"2026-03-25","2026-03-25","2026-02","YouTube (ContentID)","QuanThaSav and MiloMadness","Broncos Country Anthem","QZMEQ2536230","199336188978","1","100","Song","JP","0.00000","0.011328832922",
"2026-03-25","2026-03-25","2026-02","YouTube (ContentID)","QuanThaSav and MiloMadness","Broncos Country Anthem","QZMEQ2536230","199336188978","1","100","Song","HU","0.00000","0.005835959747",
"2026-03-25","2026-03-25","2026-02","Youtube Shorts Composition","QuanThaSav and MiloMadness","Broncos Country Anthem","QZMEQ2536230","199336188978","2963","100","Song","US","0.00000","0.036125033345",
"2026-03-25","2026-03-25","2026-02","Apple Music","QuanThaSav and B.Scar","We CU","QZWFL2519015","199511232755","13","100","Song","US","0.00000","0.127201446653",
"2026-03-25","2026-03-25","2026-02","Apple Music","QuanThaSav and MiloMadness","Broncos Country Anthem","QZMEQ2536230","199336188978","546","100","Song","US","0.00000","3.361390634691",
"2026-03-25","2026-03-25","2026-02","Apple Music","QuanThaSav and MiloMadness","Broncos Country Anthem","QZMEQ2536230","199336188978","2","100","Song","DO","0.00000","0.006644493455",
"2026-03-25","2026-03-25","2026-02","Apple Music","QuanThaSav and MiloMadness","Broncos Country Anthem","QZMEQ2536230","199336188978","4","100","Song","MX","0.00000","0.008662448074",
"2026-03-25","2026-03-25","2026-02","Apple Music","QuanThaSav and MiloMadness","Broncos Country Anthem","QZMEQ2536230","199336188978","1","100","Song","IN","0.00000","0.001491586119",
"2026-03-25","2026-03-25","2026-02","Apple Music","QuanThaSav and MiloMadness","Broncos Country Anthem","QZMEQ2536230","199336188978","1","100","Song","GB","0.00000","0.013786853540",
"2026-03-25","2026-03-25","2026-02","Apple Music","QuanThaSav and MiloMadness","Broncos Country Anthem","QZMEQ2536230","199336188978","2","100","Song","DE","0.00000","0.015452123139",
"2026-03-25","2026-03-25","2026-02","iTunes Match","QuanThaSav and MiloMadness","Broncos Country Anthem","QZMEQ2536230","199336188978","1","100","Song","US","0.00000","0.000773402863",
"2026-03-24","2026-03-24","2026-02","Apple Music","QuanThaSav and MiloMadness","Broncos Country Anthem","QZMEQ2536230","199336188978","10","100","Song","CA","0.00000","0.037796152635",
"2026-03-17","2026-03-17","2026-01","Pandora","QuanThaSav and MiloMadness","Broncos Country Anthem","QZMEQ2536230","199336188978","1","100","Song","US","0.00000","0.006034315337",
"2026-03-17","2026-03-17","2026-01","Pandora","QuanThaSav and MiloMadness","Broncos Country Anthem","QZMEQ2536230","199336188978","2","100","Song","US","0.00000","0.013296261989",
"2026-03-17","2026-03-17","2026-01","Pandora","QuanThaSav and MiloMadness","Broncos Country Anthem","QZMEQ2536230","199336188978","6","100","Song","US","0.00000","0.030105000217",
"2026-03-17","2026-03-17","2026-01","Pandora","QuanThaSav and MiloMadness","Broncos Country Anthem","QZMEQ2536230","199336188978","2","100","Song","US","0.00000","0.007000000000",
"2026-03-17","2026-03-17","2025-11","NetEase","QuanThaSav and MiloMadness","Broncos Country Anthem","QZMEQ2536230","199336188978","3","100","Song","US","0.00000","0.001374561356",
"2026-03-17","2026-03-17","2025-10","NetEase","QuanThaSav and MiloMadness","Broncos Country Anthem","QZMEQ2536230","199336188978","3","100","Song","US","0.00000","0.001419296179",
"2026-03-17","2026-03-17","2025-10","LyricFind","QuanThaSav and MiloMadness","Broncos Country Anthem","QZMEQ2536230","199336188978","2","100","Song","ZA","0.00000","0.000830000292",
"2026-03-17","2026-03-17","2025-10","LyricFind","QuanThaSav and MiloMadness","Broncos Country Anthem","QZMEQ2536230","199336188978","39","100","Song","US","0.00000","0.016161548685",
"2026-03-17","2026-03-17","2025-10","LyricFind","QuanThaSav and MiloMadness","Broncos Country Anthem","QZMEQ2536230","199336188978","2","100","Song","PG","0.00000","0.000830000292",
"2026-03-17","2026-03-17","2025-10","LyricFind","QuanThaSav and MiloMadness","Broncos Country Anthem","QZMEQ2536230","199336188978","3","100","Song","MX","0.00000","0.001245000438",
"2026-03-17","2026-03-17","2025-10","LyricFind","QuanThaSav and MiloMadness","Broncos Country Anthem","QZMEQ2536230","199336188978","2","100","Song","GB","0.00000","0.000830000292",
"2026-03-17","2026-03-17","2025-10","LyricFind","QuanThaSav and MiloMadness","Broncos Country Anthem","QZMEQ2536230","199336188978","2","100","Song","BR","0.00000","0.000830000292",
"2026-03-17","2026-03-17","2025-10","LyricFind","QuanThaSav and MiloMadness","Broncos Country Anthem","QZMEQ2536230","199336188978","1","100","Song","AE","0.00000","0.000415000146",
"2026-03-17","2026-03-17","2026-01","Amazon Unlimited (Streaming)","QuanThaSav and MiloMadness","Broncos Country Anthem","QZMEQ2536230","199336188978","6","100","Song","MX","0.00000","0.031987838815",
"2026-03-17","2026-03-17","2026-01","Amazon Unlimited (Streaming)","QuanThaSav and MiloMadness","Broncos Country Anthem","QZMEQ2536230","199336188978","252","100","Song","US","0.00000","1.920611112188",
"2026-03-17","2026-03-17","2026-01","Amazon Prime (Streaming)","QuanThaSav and B.Scar","We CU","QZWFL2519015","199511232755","2","100","Song","US","0.00000","0.004266128636",
"2026-03-17","2026-03-17","2026-01","Amazon Prime (Streaming)","QuanThaSav and MiloMadness","Broncos Country Anthem","QZMEQ2536230","199336188978","19","100","Song","US","0.00000","0.076790315458",
"2026-03-17","2026-03-17","2026-01","Amazon Songs","QuanThaSav and MiloMadness","Broncos Country Anthem","QZMEQ2536230","199336188978","1","100","Song","US","0.00000","0.497715007601",
"2026-03-17","2026-03-17","2026-01","Amazon Unlimited (Streaming)","QuanThaSav and MiloMadness","Broncos Country Anthem","QZMEQ2536230","199336188978","6","100","Song","DE","0.00000","0.028084919495",
"2026-03-16","2026-03-16","2026-01","Tidal","QuanThaSav and MiloMadness","Broncos Country Anthem","QZMEQ2536230","199336188978","3","100","Song","US","0.00000","0.058675299887",
"2026-03-16","2026-03-16","2026-01","Tidal","QuanThaSav and MiloMadness","Broncos Country Anthem","QZMEQ2536230","199336188978","5","100","Song","MX","0.00000","0.034984434765",
"2026-03-16","2026-03-16","2026-01","Tidal","QuanThaSav and MiloMadness","Broncos Country Anthem","QZMEQ2536230","199336188978","5","100","Song","FR","0.00000","0.064314905369",
"2026-03-16","2026-03-16","2025-12","Deezer","QuanThaSav and MiloMadness","Broncos Country Anthem","QZMEQ2536230","199336188978","25","100","Song","US","0.00000","0.100414685466",
"2026-03-16","2026-03-16","2025-04","Musixmatch","QuanThaSav and MiloMadness","Broncos Country Anthem","QZMEQ2536230","199336188978","1","100","Song","MX","0.00000","0.000238360709",
"2026-03-16","2026-03-16","2025-12","Youtube Shorts","QuanThaSav and MiloMadness","Broncos Country Anthem","QZMEQ2536230","199336188978","1111","100","Song","US","0.00000","0.010205831460",
"2026-03-16","2026-03-16","2025-11","Youtube Shorts","QuanThaSav and MiloMadness","Broncos Country Anthem","QZMEQ2536230","199336188978","239","100","Song","ZZ","0.00000","0.001669888660",
"2026-03-16","2026-03-16","2025-11","Youtube Shorts","QuanThaSav and MiloMadness","Broncos Country Anthem","QZMEQ2536230","199336188978","374","100","Song","US","0.00000","0.002613131209",
"2026-03-16","2026-03-16","2025-10","Youtube Shorts","QuanThaSav and MiloMadness","Broncos Country Anthem","QZMEQ2536230","199336188978","111","100","Song","US","0.00000","0.000354633433",
"2026-03-16","2026-03-16","2025-04","Musixmatch","QuanThaSav and MiloMadness","Broncos Country Anthem","QZMEQ2536230","199336188978","23","100","Song","US","0.00000","0.017260373448",
"2026-03-04","2026-03-04","2025-11","Deezer","QuanThaSav and MiloMadness","Broncos Country Anthem","QZMEQ2536230","199336188978","6","100","Song","US","0.00000","0.022350793700",
"2026-03-04","2026-03-04","2025-11","Deezer","QuanThaSav and MiloMadness","Broncos Country Anthem","QZMEQ2536230","199336188978","6","100","Song","FR","0.00000","0.026528190390",
"2026-02-27","2026-02-27","2025-12","Spotify","QuanThaSav and MiloMadness","Broncos Country Anthem","QZMEQ2536230","199336188978","5","100","Song","GB","0.00000","0.014003043736",
"2026-02-27","2026-02-27","2025-12","Spotify","QuanThaSav and MiloMadness","Broncos Country Anthem","QZMEQ2536230","199336188978","1637","100","Song","US","0.00000","6.346337614301",
"2026-02-27","2026-02-27","2025-12","Spotify","QuanThaSav and MiloMadness","Broncos Country Anthem","QZMEQ2536230","199336188978","1","100","Song","SN","0.00000","0.000788999703",
"2026-02-27","2026-02-27","2025-12","Spotify","QuanThaSav and MiloMadness","Broncos Country Anthem","QZMEQ2536230","199336188978","6","100","Song","NG","0.00000","0.000031999987",
"2026-02-27","2026-02-27","2025-12","Spotify","QuanThaSav and MiloMadness","Broncos Country Anthem","QZMEQ2536230","199336188978","2","100","Song","MA","0.00000","0.000158999940",
"2026-02-27","2026-02-27","2025-12","Spotify","QuanThaSav and MiloMadness","Broncos Country Anthem","QZMEQ2536230","199336188978","1","100","Song","KE","0.00000","0.000123999953",
"2026-02-27","2026-02-27","2025-12","Spotify","QuanThaSav and MiloMadness","Broncos Country Anthem","QZMEQ2536230","199336188978","3","100","Song","JO","0.00000","0.010438996075",
"2026-02-27","2026-02-27","2025-12","Spotify","QuanThaSav and MiloMadness","Broncos Country Anthem","QZMEQ2536230","199336188978","2","100","Song","GT","0.00000","0.000119999954",
"2026-02-27","2026-02-27","2025-12","Spotify","QuanThaSav and MiloMadness","Broncos Country Anthem","QZMEQ2536230","199336188978","1","100","Song","DO","0.00000","0.000159999939",
"2026-02-27","2026-02-27","2025-12","Spotify","QuanThaSav and MiloMadness","Broncos Country Anthem","QZMEQ2536230","199336188978","4","100","Song","CM","0.00000","0.005935997768",
"2026-02-27","2026-02-27","2025-12","Spotify","QuanThaSav and MiloMadness","Broncos Country Anthem","QZMEQ2536230","199336188978","1","100","Song","BY","0.00000","0.000001999999",
"2026-02-27","2026-02-27","2025-12","Spotify","QuanThaSav and MiloMadness","Broncos Country Anthem","QZMEQ2536230","199336188978","1","100","Song","BO","0.00000","0.000004999998",
"2026-02-26","2026-02-26","2025-12","Spotify","QuanThaSav and MiloMadness","Broncos Country Anthem","QZMEQ2536230","199336188978","6","100","Song","ZA","0.00000","0.000890988665",
"2026-02-26","2026-02-26","2025-12","Spotify","QuanThaSav and MiloMadness","Broncos Country Anthem","QZMEQ2536230","199336188978","1","100","Song","TR","0.00000","0.000096513963",
"2026-02-26","2026-02-26","2025-12","Spotify","QuanThaSav and MiloMadness","Broncos Country Anthem","QZMEQ2536230","199336188978","4","100","Song","PT","0.00000","0.000703845735",
"2026-02-26","2026-02-26","2025-12","Spotify","QuanThaSav and MiloMadness","Broncos Country Anthem","QZMEQ2536230","199336188978","5","100","Song","PL","0.00000","0.006479382564",
"2026-02-26","2026-02-26","2025-12","Spotify","QuanThaSav and MiloMadness","Broncos Country Anthem","QZMEQ2536230","199336188978","5","100","Song","PH","0.00000","0.001557170414",
"2026-02-26","2026-02-26","2025-12","Spotify","QuanThaSav and MiloMadness","Broncos Country Anthem","QZMEQ2536230","199336188978","4","100","Song","NZ","0.00000","0.006119220699",
"2026-02-26","2026-02-26","2025-12","Spotify","QuanThaSav and MiloMadness","Broncos Country Anthem","QZMEQ2536230","199336188978","85","100","Song","MX","0.00000","0.128668414631",
"2026-02-26","2026-02-26","2025-12","Spotify","QuanThaSav and MiloMadness","Broncos Country Anthem","QZMEQ2536230","199336188978","1","100","Song","MK","0.00000","0.000300134887",
"2026-02-26","2026-02-26","2025-12","Spotify","QuanThaSav and MiloMadness","Broncos Country Anthem","QZMEQ2536230","199336188978","1","100","Song","JP","0.00000","0.000480215819",
"2026-02-26","2026-02-26","2025-12","Spotify","QuanThaSav and MiloMadness","Broncos Country Anthem","QZMEQ2536230","199336188978","1","100","Song","IT","0.00000","0.001015750618",
"2026-02-26","2026-02-26","2025-12","Spotify","QuanThaSav and MiloMadness","Broncos Country Anthem","QZMEQ2536230","199336188978","1","100","Song","ID","0.00000","0.000015300994",
"2026-02-26","2026-02-26","2025-12","Spotify","QuanThaSav and MiloMadness","Broncos Country Anthem","QZMEQ2536230","199336188978","5","100","Song","HU","0.00000","0.008310793875",
"2026-02-26","2026-02-26","2025-12","Spotify","QuanThaSav and MiloMadness","Broncos Country Anthem","QZMEQ2536230","199336188978","71","100","Song","FR","0.00000","0.250232459933",
"2026-02-26","2026-02-26","2025-12","Spotify","QuanThaSav and MiloMadness","Broncos Country Anthem","QZMEQ2536230","199336188978","11","100","Song","ES","0.00000","0.005212931040",
"2026-02-26","2026-02-26","2025-12","Spotify","QuanThaSav and MiloMadness","Broncos Country Anthem","QZMEQ2536230","199336188978","3","100","Song","EE","0.00000","0.008346103862",
"2026-02-26","2026-02-26","2025-12","Spotify","QuanThaSav and MiloMadness","Broncos Country Anthem","QZMEQ2536230","199336188978","31","100","Song","DE","0.00000","0.170268286993",
"2026-02-26","2026-02-26","2025-12","Spotify","QuanThaSav and MiloMadness","Broncos Country Anthem","QZMEQ2536230","199336188978","1","100","Song","CZ","0.00000","0.001949111267",
"2026-02-26","2026-02-26","2025-12","Spotify","QuanThaSav and MiloMadness","Broncos Country Anthem","QZMEQ2536230","199336188978","4","100","Song","CY","0.00000","0.000453144829",
"2026-02-26","2026-02-26","2025-12","Spotify","QuanThaSav and MiloMadness","Broncos Country Anthem","QZMEQ2536230","199336188978","46","100","Song","CA","0.00000","0.108222755317",
"2026-02-26","2026-02-26","2025-12","Spotify","QuanThaSav and MiloMadness","Broncos Country Anthem","QZMEQ2536230","199336188978","5","100","Song","BR","0.00000","0.009646688373",
"2026-02-26","2026-02-26","2025-12","Spotify","QuanThaSav and MiloMadness","Broncos Country Anthem","QZMEQ2536230","199336188978","1","100","Song","BE","0.00000","0.002921312901",
"2026-02-26","2026-02-26","2025-12","Spotify","QuanThaSav and MiloMadness","Broncos Country Anthem","QZMEQ2536230","199336188978","36","100","Song","AU","0.00000","0.078497631491",
"2026-02-26","2026-02-26","2025-12","Spotify","QuanThaSav and MiloMadness","Broncos Country Anthem","QZMEQ2536230","199336188978","1","100","Song","AT","0.00000","0.000790943702",
"2026-02-26","2026-02-26","2026-01","iTunes Match","QuanThaSav and B.Scar","We CU","QZWFL2519015","199511232755","2","100","Song","US","0.00000","0.001607469786",
"2026-02-26","2026-02-26","2026-01","iTunes Match","QuanThaSav and MiloMadness","Broncos Country Anthem","QZMEQ2536230","199336188978","3","100","Song","US","0.00000","0.002411204679",
"2026-02-26","2026-02-26","2026-01","iTunes Songs","QuanThaSav and B.Scar","We CU","QZWFL2519015","199511232755","1","100","Song","US","0.00000","0.489802556972",
"2026-02-26","2026-02-26","2026-01","iTunes Songs","QuanThaSav and MiloMadness","Broncos Country Anthem","QZMEQ2536230","199336188978","8","100","Song","US","0.00000","3.918420455783",
"2026-02-26","2026-02-26","2026-01","Apple Music","QuanThaSav and B.Scar","We CU","QZWFL2519015","199511232755","47","100","Song","US","0.00000","0.272584119328",
"2026-02-26","2026-02-26","2026-01","Apple Music","QuanThaSav and MiloMadness","Broncos Country Anthem","QZMEQ2536230","199336188978","2501","100","Song","US","0.00000","15.809168207573",
"2026-02-26","2026-02-26","2026-01","Apple Music","QuanThaSav and MiloMadness","Broncos Country Anthem","QZMEQ2536230","199336188978","19","100","Song","MX","0.00000","0.044620255675",
"2026-02-26","2026-02-26","2026-01","Apple Music","QuanThaSav and MiloMadness","Broncos Country Anthem","QZMEQ2536230","199336188978","1","100","Song","IN","0.00000","0.001472546018",
"2026-02-26","2026-02-26","2026-01","Apple Music","QuanThaSav and MiloMadness","Broncos Country Anthem","QZMEQ2536230","199336188978","1","100","Song","HU","0.00000","0.006655782466",
"2026-02-26","2026-02-26","2026-01","Apple Music","QuanThaSav and MiloMadness","Broncos Country Anthem","QZMEQ2536230","199336188978","2","100","Song","GB","0.00000","0.021698369096",
"2026-02-26","2026-02-26","2026-01","Apple Music","QuanThaSav and MiloMadness","Broncos Country Anthem","QZMEQ2536230","199336188978","1","100","Song","FR","0.00000","0.008770833993",
"2026-02-26","2026-02-26","2026-01","Apple Music","QuanThaSav and MiloMadness","Broncos Country Anthem","QZMEQ2536230","199336188978","2","100","Song","DE","0.00000","0.022870841745",
"2026-02-25","2026-02-25","2026-01","Apple Music","QuanThaSav and MiloMadness","Broncos Country Anthem","QZMEQ2536230","199336188978","8","100","Song","BR","0.00000","0.050977527720",
"2026-02-25","2026-02-25","2026-01","Apple Music","QuanThaSav and B.Scar","We CU","QZWFL2519015","199511232755","1","100","Song","CA","0.00000","0.003774222519",
"2026-02-25","2026-02-25","2026-01","Apple Music","QuanThaSav and MiloMadness","Broncos Country Anthem","QZMEQ2536230","199336188978","13","100","Song","CA","0.00000","0.056111663697",
"2026-02-25","2026-02-25","2026-01","Apple Music","QuanThaSav and MiloMadness","Broncos Country Anthem","QZMEQ2536230","199336188978","1","100","Song","AU","0.00000","0.003830391622",
"2026-02-25","2026-02-25","2026-01","Youtube Shorts Composition","QuanThaSav and MiloMadness","Broncos Country Anthem","QZMEQ2536230","199336188978","1563","100","Song","US","0.00000","0.021678132630",
"2026-02-24","2026-02-24","2026-01","YouTube (Red) - Composition","QuanThaSav and MiloMadness","Broncos Country Anthem","QZMEQ2536230","199336188978","2","100","Song","US","0.00000","0.002904038766",
"2026-02-24","2026-02-24","2026-01","YouTube (Red) - Composition","QuanThaSav and MiloMadness","Broncos Country Anthem","QZMEQ2536230","199336188978","1448","100","Song","US","0.00000","2.187683315743",
"2026-02-24","2026-02-24","2026-01","YouTube (Audio)","QuanThaSav and MiloMadness","Broncos Country Anthem","QZMEQ2536230","199336188978","18","100","Song","US","0.00000","0.045003140917",
"2026-02-24","2026-02-24","2026-01","YouTube (Audio)","QuanThaSav and MiloMadness","Broncos Country Anthem","QZMEQ2536230","199336188978","1","100","Song","AU","0.00000","0.001897835256",
"2026-02-24","2026-02-24","2026-01","YouTube (Ads) - Composition","QuanThaSav and MiloMadness","Broncos Country Anthem","QZMEQ2536230","199336188978","7279","100","Song","US","0.00000","6.965844289224",
"2026-02-24","2026-02-24","2026-01","YouTube (Ads) - Composition","QuanThaSav and MiloMadness","Broncos Country Anthem","QZMEQ2536230","199336188978","1","100","Song","GU","0.00000","0.000018121264",
"2026-02-24","2026-02-24","2026-01","YouTube (Ads) - Composition","QuanThaSav and MiloMadness","Broncos Country Anthem","QZMEQ2536230","199336188978","29","100","Song","AS","0.00000","0.001364375224",
"2026-02-24","2026-02-24","2026-01","YouTube (ContentID)","QuanThaSav and B.Scar","We CU","QZWFL2519015","199511232755","1","100","Song","GB","0.00000","0.000232416221",
"2026-02-24","2026-02-24","2026-01","YouTube (ContentID)","QuanThaSav and MiloMadness","Broncos Country Anthem","QZMEQ2536230","199336188978","0","100","Song","YT","0.00000","0.000098406868",
"2026-02-24","2026-02-24","2026-01","YouTube (ContentID)","QuanThaSav and MiloMadness","Broncos Country Anthem","QZMEQ2536230","199336188978","7279","100","Song","US","0.00000","23.219480964081",
"2026-02-24","2026-02-24","2026-01","YouTube (ContentID)","QuanThaSav and MiloMadness","Broncos Country Anthem","QZMEQ2536230","199336188978","2","100","Song","SE","0.00000","0.008063362768",
"2026-02-24","2026-02-24","2026-01","YouTube (ContentID)","QuanThaSav and MiloMadness","Broncos Country Anthem","QZMEQ2536230","199336188978","1","100","Song","SA","0.00000","0.000524036574",
"2026-02-24","2026-02-24","2026-01","YouTube (ContentID)","QuanThaSav and MiloMadness","Broncos Country Anthem","QZMEQ2536230","199336188978","2","100","Song","PL","0.00000","0.002635783960",
"2026-02-24","2026-02-24","2026-01","YouTube (ContentID)","QuanThaSav and MiloMadness","Broncos Country Anthem","QZMEQ2536230","199336188978","1","100","Song","PE","0.00000","0.000126408822",
"2026-02-24","2026-02-24","2026-01","YouTube (ContentID)","QuanThaSav and MiloMadness","Broncos Country Anthem","QZMEQ2536230","199336188978","1","100","Song","PA","0.00000","0.000076405332",
"2026-02-24","2026-02-24","2026-01","YouTube (ContentID)","QuanThaSav and MiloMadness","Broncos Country Anthem","QZMEQ2536230","199336188978","1","100","Song","NZ","0.00000","0.003905072547",
"2026-02-24","2026-02-24","2026-01","YouTube (ContentID)","QuanThaSav and MiloMadness","Broncos Country Anthem","QZMEQ2536230","199336188978","113","100","Song","MX","0.00000","0.041766114994",
"2026-02-24","2026-02-24","2026-01","YouTube (ContentID)","QuanThaSav and MiloMadness","Broncos Country Anthem","QZMEQ2536230","199336188978","1","100","Song","MQ","0.00000","0.000372025964",
"2026-02-24","2026-02-24","2026-01","YouTube (ContentID)","QuanThaSav and MiloMadness","Broncos Country Anthem","QZMEQ2536230","199336188978","0","100","Song","JP","0.00000","0.001361295009",
"2026-02-24","2026-02-24","2026-01","YouTube (ContentID)","QuanThaSav and MiloMadness","Broncos Country Anthem","QZMEQ2536230","199336188978","2","100","Song","IT","0.00000","0.005941614684",
"2026-02-24","2026-02-24","2026-01","YouTube (ContentID)","QuanThaSav and MiloMadness","Broncos Country Anthem","QZMEQ2536230","199336188978","1","100","Song","IN","0.00000","0.001017270998",
"2026-02-24","2026-02-24","2026-01","YouTube (ContentID)","QuanThaSav and MiloMadness","Broncos Country Anthem","QZMEQ2536230","199336188978","1","100","Song","ID","0.00000","0.000054403797",
"2026-02-24","2026-02-24","2026-01","YouTube (ContentID)","QuanThaSav and MiloMadness","Broncos Country Anthem","QZMEQ2536230","199336188978","1","100","Song","HU","0.00000","0.000787654973",
"2026-02-24","2026-02-24","2026-01","YouTube (ContentID)","QuanThaSav and MiloMadness","Broncos Country Anthem","QZMEQ2536230","199336188978","1","100","Song","GU","0.00000","0.000060404215",
"2026-02-24","2026-02-24","2026-01","YouTube (ContentID)","QuanThaSav and MiloMadness","Broncos Country Anthem","QZMEQ2536230","199336188978","6","100","Song","GB","0.00000","0.007321711006",
"2026-02-24","2026-02-24","2026-01","YouTube (ContentID)","QuanThaSav and MiloMadness","Broncos Country Anthem","QZMEQ2536230","199336188978","38","100","Song","FR","0.00000","0.129508638834",
"2026-02-24","2026-02-24","2026-01","YouTube (ContentID)","QuanThaSav and MiloMadness","Broncos Country Anthem","QZMEQ2536230","199336188978","2","100","Song","FI","0.00000","0.000383626774",
"2026-02-24","2026-02-24","2026-01","YouTube (ContentID)","QuanThaSav and MiloMadness","Broncos Country Anthem","QZMEQ2536230","199336188978","2","100","Song","ES","0.00000","0.003223424973",
"2026-02-24","2026-02-24","2026-01","YouTube (ContentID)","QuanThaSav and MiloMadness","Broncos Country Anthem","QZMEQ2536230","199336188978","68","100","Song","DE","0.00000","0.158572667308",
"2026-02-24","2026-02-24","2026-01","YouTube (ContentID)","QuanThaSav and MiloMadness","Broncos Country Anthem","QZMEQ2536230","199336188978","1","100","Song","CR","0.00000","0.000870860780",
"2026-02-24","2026-02-24","2026-01","YouTube (ContentID)","QuanThaSav and MiloMadness","Broncos Country Anthem","QZMEQ2536230","199336188978","3","100","Song","CO","0.00000","0.003387436420",
"2026-02-24","2026-02-24","2026-01","YouTube (ContentID)","QuanThaSav and MiloMadness","Broncos Country Anthem","QZMEQ2536230","199336188978","1","100","Song","CH","0.00000","0.000448831325",
"2026-02-24","2026-02-24","2026-01","YouTube (ContentID)","QuanThaSav and MiloMadness","Broncos Country Anthem","QZMEQ2536230","199336188978","49","100","Song","CA","0.00000","0.064894929230",
"2026-02-24","2026-02-24","2026-01","YouTube (ContentID)","QuanThaSav and MiloMadness","Broncos Country Anthem","QZMEQ2536230","199336188978","13","100","Song","BR","0.00000","0.005273568059",
"2026-02-24","2026-02-24","2026-01","YouTube (ContentID)","QuanThaSav and MiloMadness","Broncos Country Anthem","QZMEQ2536230","199336188978","1","100","Song","BE","0.00000","0.005231565128",
"2026-02-24","2026-02-24","2026-01","YouTube (ContentID)","QuanThaSav and MiloMadness","Broncos Country Anthem","QZMEQ2536230","199336188978","7","100","Song","AU","0.00000","0.007318910810",
"2026-02-24","2026-02-24","2026-01","YouTube (ContentID)","QuanThaSav and MiloMadness","Broncos Country Anthem","QZMEQ2536230","199336188978","4","100","Song","AT","0.00000","0.004181891868",
"2026-02-24","2026-02-24","2026-01","YouTube (ContentID)","QuanThaSav and MiloMadness","Broncos Country Anthem","QZMEQ2536230","199336188978","29","100","Song","AS","0.00000","0.004547917414",
"2026-02-24","2026-02-24","2026-01","YouTube (Red)","QuanThaSav and B.Scar","We CU","QZWFL2519015","199511232755","6","100","Song","US","0.00000","0.069932234673",
"2026-02-24","2026-02-24","2026-01","YouTube (Red)","QuanThaSav and MiloMadness","Broncos Country Anthem","QZMEQ2536230","199336188978","393","100","Song","US","0.00000","3.982519376071",
"2026-02-24","2026-02-24","2026-01","YouTube (Red)","QuanThaSav and MiloMadness","Broncos Country Anthem","QZMEQ2536230","199336188978","1","100","Song","RO","0.00000","0.002640339233",
"2026-02-24","2026-02-24","2026-01","YouTube (Red)","QuanThaSav and MiloMadness","Broncos Country Anthem","QZMEQ2536230","199336188978","1","100","Song","PL","0.00000","0.003718165436",
"2026-02-24","2026-02-24","2026-01","YouTube (Red)","QuanThaSav and MiloMadness","Broncos Country Anthem","QZMEQ2536230","199336188978","2","100","Song","MX","0.00000","0.005759835626",
"2026-02-24","2026-02-24","2026-01","YouTube (Red)","QuanThaSav and MiloMadness","Broncos Country Anthem","QZMEQ2536230","199336188978","1","100","Song","HU","0.00000","0.004711958785",
"2026-02-24","2026-02-24","2026-01","YouTube (Red)","QuanThaSav and MiloMadness","Broncos Country Anthem","QZMEQ2536230","199336188978","1","100","Song","DE","0.00000","0.020834909025",
"2026-02-24","2026-02-24","2026-01","YouTube (Red)","QuanThaSav and MiloMadness","Broncos Country Anthem","QZMEQ2536230","199336188978","2","100","Song","CA","0.00000","0.011779479192",
"2026-02-24","2026-02-24","2026-01","YouTube (Red)","QuanThaSav and MiloMadness","Broncos Country Anthem","QZMEQ2536230","199336188978","6","100","Song","BR","0.00000","0.036157051413",
"2026-02-24","2026-02-24","2026-01","YouTube (Red)","QuanThaSav and MiloMadness","Broncos Country Anthem","QZMEQ2536230","199336188978","1","100","Song","AU","0.00000","0.015276010719",
"2026-02-24","2026-02-24","2026-01","YouTube (ContentID)","QuanThaSav and B.Scar","We CU","QZWFL2519015","199511232755","1","100","Song","US","0.00000","0.003196776984",
"2026-02-24","2026-02-24","2026-01","YouTube (ContentID)","QuanThaSav and B.Scar","We CU","QZWFL2519015","199511232755","1","100","Song","DE","0.00000","0.002877984325",
"2026-02-24","2026-02-24","2026-01","YouTube (ContentID)","QuanThaSav and MiloMadness","Broncos Country Anthem","QZMEQ2536230","199336188978","3","100","Song","US","0.00000","0.009590330953",
"2026-02-24","2026-02-24","2026-01","YouTube (ContentID)","QuanThaSav and MiloMadness","Broncos Country Anthem","QZMEQ2536230","199336188978","1","100","Song","US","0.00000","0.005043424520",
"2026-02-24","2026-02-24","2026-01","YouTube (ContentID)","QuanThaSav and MiloMadness","Broncos Country Anthem","QZMEQ2536230","199336188978","1","100","Song","US","0.00000","0.003196776984",
"2026-02-24","2026-02-24","2026-01","YouTube (ContentID)","QuanThaSav and MiloMadness","Broncos Country Anthem","QZMEQ2536230","199336188978","2","100","Song","US","0.00000","0.005043424520",
"2026-02-24","2026-02-24","2026-01","YouTube (ContentID)","QuanThaSav and MiloMadness","Broncos Country Anthem","QZMEQ2536230","199336188978","7","100","Song","US","0.00000","0.022305302699",
"2026-02-24","2026-02-24","2026-01","YouTube (ContentID)","QuanThaSav and MiloMadness","Broncos Country Anthem","QZMEQ2536230","199336188978","4","100","Song","US","0.00000","0.009352009427",
"2026-02-24","2026-02-24","2026-01","YouTube (ContentID)","QuanThaSav and MiloMadness","Broncos Country Anthem","QZMEQ2536230","199336188978","1010","100","Song","US","0.00000","10.723259416528",
"2026-02-24","2026-02-24","2026-01","YouTube (ContentID)","QuanThaSav and MiloMadness","Broncos Country Anthem","QZMEQ2536230","199336188978","1","100","Song","SE","0.00000","0.026275889882",
"2026-02-24","2026-02-24","2026-01","YouTube (ContentID)","QuanThaSav and MiloMadness","Broncos Country Anthem","QZMEQ2536230","199336188978","1","100","Song","RO","0.00000","0.001357689684",
"2026-02-24","2026-02-24","2026-01","YouTube (ContentID)","QuanThaSav and MiloMadness","Broncos Country Anthem","QZMEQ2536230","199336188978","3","100","Song","RO","0.00000","0.006336814162",
"2026-02-24","2026-02-24","2026-01","YouTube (ContentID)","QuanThaSav and MiloMadness","Broncos Country Anthem","QZMEQ2536230","199336188978","1","100","Song","NZ","0.00000","0.012399227322",
"2026-02-24","2026-02-24","2026-01","YouTube (ContentID)","QuanThaSav and MiloMadness","Broncos Country Anthem","QZMEQ2536230","199336188978","18","100","Song","MX","0.00000","0.059299775543",
"2026-02-24","2026-02-24","2026-01","YouTube (ContentID)","QuanThaSav and MiloMadness","Broncos Country Anthem","QZMEQ2536230","199336188978","2","100","Song","IN","0.00000","0.001988053516",
"2026-02-24","2026-02-24","2026-01","YouTube (ContentID)","QuanThaSav and MiloMadness","Broncos Country Anthem","QZMEQ2536230","199336188978","1","100","Song","GB","0.00000","0.009534875526",
"2026-02-24","2026-02-24","2026-01","YouTube (ContentID)","QuanThaSav and MiloMadness","Broncos Country Anthem","QZMEQ2536230","199336188978","2","100","Song","DE","0.00000","0.023357542060",
"2026-02-24","2026-02-24","2026-01","YouTube (ContentID)","QuanThaSav and MiloMadness","Broncos Country Anthem","QZMEQ2536230","199336188978","1","100","Song","CZ","0.00000","0.004187566760",
"2026-02-24","2026-02-24","2026-01","YouTube (ContentID)","QuanThaSav and MiloMadness","Broncos Country Anthem","QZMEQ2536230","199336188978","2","100","Song","CR","0.00000","0.012186174029",
"2026-02-24","2026-02-24","2026-01","YouTube (ContentID)","QuanThaSav and MiloMadness","Broncos Country Anthem","QZMEQ2536230","199336188978","4","100","Song","CA","0.00000","0.025327596776",
"2026-02-24","2026-02-24","2026-01","YouTube (ContentID)","QuanThaSav and MiloMadness","Broncos Country Anthem","QZMEQ2536230","199336188978","2","100","Song","AU","0.00000","0.024441617150",
"2026-02-24","2026-02-24","2026-01","YouTube (Ads)","QuanThaSav and B.Scar","We CU","QZWFL2519015","199511232755","3","100","Song","US","0.00000","0.045762718930",
"2026-02-24","2026-02-24","2026-01","YouTube (Ads)","QuanThaSav and MiloMadness","Broncos Country Anthem","QZMEQ2536230","199336188978","440","100","Song","US","0.00000","0.848273878828",
"2026-02-24","2026-02-24","2026-01","YouTube (Ads)","QuanThaSav and MiloMadness","Broncos Country Anthem","QZMEQ2536230","199336188978","1","100","Song","SE","0.00000","0.007938029021",
"2026-02-24","2026-02-24","2026-01","YouTube (Ads)","QuanThaSav and MiloMadness","Broncos Country Anthem","QZMEQ2536230","199336188978","3","100","Song","MX","0.00000","0.000729275898",
"2026-02-24","2026-02-24","2026-01","YouTube (Ads)","QuanThaSav and MiloMadness","Broncos Country Anthem","QZMEQ2536230","199336188978","1","100","Song","FR","0.00000","0.086709801762",
"2026-02-24","2026-02-24","2026-01","YouTube (Ads)","QuanThaSav and MiloMadness","Broncos Country Anthem","QZMEQ2536230","199336188978","2","100","Song","DE","0.00000","0.007615131485",
"2026-02-24","2026-02-24","2026-01","YouTube (Ads)","QuanThaSav and MiloMadness","Broncos Country Anthem","QZMEQ2536230","199336188978","1","100","Song","CA","0.00000","0.002438270174",
"2026-02-24","2026-02-24","2026-01","YouTube (Ads)","QuanThaSav and MiloMadness","Broncos Country Anthem","QZMEQ2536230","199336188978","1","100","Song","BR","0.00000","0.000198463851",
"2026-02-24","2026-02-24","2026-01","YouTube (Ads)","QuanThaSav and MiloMadness","Broncos Country Anthem","QZMEQ2536230","199336188978","1","100","Song","AT","0.00000","0.000092931485",
"2026-02-24","2026-02-24","2026-01","YouTube (Ads)","QuanThaSav and MiloMadness","Broncos Country Anthem","QZMEQ2536230","199336188978","2","100","Song","AS","0.00000","0.000709849542",
"2026-02-20","2026-02-20","2025-12","Amazon Prime (Streaming)","QuanThaSav and MiloMadness","Broncos Country Anthem","QZMEQ2536230","199336188978","17","100","Song","US","0.00000","0.047026403276",
"2026-02-19","2026-02-19","2025-12","TikTok (Social Media Pack)","QuanThaSav and MiloMadness","Broncos Country Anthem","QZMEQ2536230","199336188978","77","100","Song","US","0.00000","0.056193036254",
"2026-02-19","2026-02-19","2025-12","TikTok (Social Media Pack)","QuanThaSav and MiloMadness","Broncos Country Anthem","QZMEQ2536230","199336188978","1","100","Song","MG","0.00000","0.000729779718",
"2026-02-19","2026-02-19","2025-12","TikTok (Social Media Pack)","QuanThaSav and MiloMadness","Broncos Country Anthem","QZMEQ2536230","199336188978","1","100","Song","FR","0.00000","0.000729779718",
"2026-02-19","2026-02-19","2025-12","TikTok (Social Media Pack)","QuanThaSav and MiloMadness","Broncos Country Anthem","QZMEQ2536230","199336188978","1","100","Song","CY","0.00000","0.000729779718",
"2026-02-19","2026-02-19","2025-12","TikTok (Social Media Pack)","QuanThaSav and MiloMadness","Broncos Country Anthem","QZMEQ2536230","199336188978","1","100","Song","BJ","0.00000","0.000729779718",
"2026-02-19","2026-02-19","2025-12","TikTok","QuanThaSav and MiloMadness","Broncos Country Anthem","QZMEQ2536230","199336188978","945","100","Song","US","0.00000","0.862052260714",
"2026-02-19","2026-02-19","2025-12","TikTok","QuanThaSav and MiloMadness","Broncos Country Anthem","QZMEQ2536230","199336188978","2","100","Song","MX","0.00000","0.001824449197",
"2026-02-19","2026-02-19","2025-12","TikTok","QuanThaSav and MiloMadness","Broncos Country Anthem","QZMEQ2536230","199336188978","2","100","Song","CA","0.00000","0.001824449197",
"2026-02-11","2026-02-11","2025-12","Pandora","QuanThaSav and MiloMadness","Broncos Country Anthem","QZMEQ2536230","199336188978","2","100","Song","US","0.00000","0.011496951188",
"2026-02-11","2026-02-11","2025-11","TikTok (Social Media Pack)","QuanThaSav and MiloMadness","Broncos Country Anthem","QZMEQ2536230","199336188978","34","100","Song","US","0.00000","0.028327762839",
"2026-02-11","2026-02-11","2025-11","TikTok (Social Media Pack)","QuanThaSav and MiloMadness","Broncos Country Anthem","QZMEQ2536230","199336188978","2","100","Song","MX","0.00000","0.001666338958",
"2026-02-11","2026-02-11","2025-11","TikTok (Social Media Pack)","QuanThaSav and MiloMadness","Broncos Country Anthem","QZMEQ2536230","199336188978","1","100","Song","GP","0.00000","0.000833169479",
"2026-02-11","2026-02-11","2025-11","TikTok (Social Media Pack)","QuanThaSav and MiloMadness","Broncos Country Anthem","QZMEQ2536230","199336188978","3","100","Song","FR","0.00000","0.002499508515",
"2026-02-11","2026-02-11","2025-11","TikTok (Social Media Pack)","QuanThaSav and MiloMadness","Broncos Country Anthem","QZMEQ2536230","199336188978","3","100","Song","CY","0.00000","0.002499508515",
"2026-02-11","2026-02-11","2025-11","TikTok (Social Media Pack)","QuanThaSav and MiloMadness","Broncos Country Anthem","QZMEQ2536230","199336188978","2","100","Song","BY","0.00000","0.001666338958",
"2026-02-11","2026-02-11","2025-11","TikTok (Social Media Pack)","QuanThaSav and MiloMadness","Broncos Country Anthem","QZMEQ2536230","199336188978","1","100","Song","BF","0.00000","0.000833169479",
"2026-02-11","2026-02-11","2025-11","TikTok","QuanThaSav and MiloMadness","Broncos Country Anthem","QZMEQ2536230","199336188978","614","100","Song","US","0.00000","0.639457588263",
"2026-02-11","2026-02-11","2025-11","TikTok","QuanThaSav and MiloMadness","Broncos Country Anthem","QZMEQ2536230","199336188978","1","100","Song","TH","0.00000","0.001041461849",
"2026-02-11","2026-02-11","2025-12","Pandora","QuanThaSav and MiloMadness","Broncos Country Anthem","QZMEQ2536230","199336188978","4","100","Song","US","0.00000","0.014000000383",
"2026-02-06","2026-02-06","2025-12","Tidal","QuanThaSav and MiloMadness","Broncos Country Anthem","QZMEQ2536230","199336188978","3","100","Song","US","0.00000","0.037012855077",
"2026-02-06","2026-02-06","2025-12","Tidal","QuanThaSav and MiloMadness","Broncos Country Anthem","QZMEQ2536230","199336188978","3","100","Song","PL","0.00000","0.024046965129",
"2026-02-06","2026-02-06","2025-12","Tidal","QuanThaSav and MiloMadness","Broncos Country Anthem","QZMEQ2536230","199336188978","2","100","Song","MX","0.00000","0.013255128954",
"2026-02-06","2026-02-06","2025-12","Tidal","QuanThaSav and MiloMadness","Broncos Country Anthem","QZMEQ2536230","199336188978","6","100","Song","FR","0.00000","0.071179404962",
"2026-01-27","2026-01-27","2025-10","Deezer","QuanThaSav and MiloMadness","Broncos Country Anthem","QZMEQ2536230","199336188978","17","100","Song","US","0.00000","0.059436679860",
"2026-01-27","2026-01-27","2025-09","Deezer","QuanThaSav and MiloMadness","Broncos Country Anthem","QZMEQ2536230","199336188978","28","100","Song","US","0.00000","0.070246665194",
"2026-01-27","2026-01-27","2025-08","Deezer","QuanThaSav and MiloMadness","Broncos Country Anthem","QZMEQ2536230","199336188978","12","100","Song","US","0.00000","0.019700812375",
"2026-01-27","2026-01-27","2025-07","Deezer","QuanThaSav and MiloMadness","Broncos Country Anthem","QZMEQ2536230","199336188978","3","100","Song","US","0.00000","0.006739833987",
"2026-01-27","2026-01-27","2025-12","YouTube (Audio)","QuanThaSav and MiloMadness","Broncos Country Anthem","QZMEQ2536230","199336188978","8","100","Song","US","0.00000","0.020006390238",
"2026-01-27","2026-01-27","2025-12","YouTube (Audio)","QuanThaSav and MiloMadness","Broncos Country Anthem","QZMEQ2536230","199336188978","1","100","Song","CA","0.00000","0.001668916268",
"2026-01-27","2026-01-27","2025-12","YouTube (Red) - Composition","QuanThaSav and MiloMadness","Broncos Country Anthem","QZMEQ2536230","199336188978","14","100","Song","US","0.00000","0.018075791007",
"2026-01-27","2026-01-27","2025-12","YouTube (Red) - Composition","QuanThaSav and MiloMadness","Broncos Country Anthem","QZMEQ2536230","199336188978","1","100","Song","US","0.00000","0.001103189685",
"2026-01-27","2026-01-27","2025-12","YouTube (Red) - Composition","QuanThaSav and MiloMadness","Broncos Country Anthem","QZMEQ2536230","199336188978","3","100","Song","US","0.00000","0.002024537081",
"2026-01-27","2026-01-27","2025-12","YouTube (Red) - Composition","QuanThaSav and MiloMadness","Broncos Country Anthem","QZMEQ2536230","199336188978","658","100","Song","US","0.00000","1.027423168006",
"2026-01-26","2026-01-26","2025-12","YouTube (Ads)","QuanThaSav and B.Scar","We CU","QZWFL2519015","199511232755","1","100","Song","US","0.00000","0.004143048330",
"2026-01-26","2026-01-26","2025-12","YouTube (Ads)","QuanThaSav and MiloMadness","Broncos Country Anthem","QZMEQ2536230","199336188978","194","100","Song","US","0.00000","0.467025372521",
"2026-01-26","2026-01-26","2025-12","YouTube (Ads)","QuanThaSav and MiloMadness","Broncos Country Anthem","QZMEQ2536230","199336188978","1","100","Song","FR","0.00000","0.002803345416",
"2026-01-26","2026-01-26","2025-12","YouTube (Ads)","QuanThaSav and MiloMadness","Broncos Country Anthem","QZMEQ2536230","199336188978","1","100","Song","DE","0.00000","0.000341884201",
"2026-01-26","2026-01-26","2025-12","YouTube (Ads)","QuanThaSav and MiloMadness","Broncos Country Anthem","QZMEQ2536230","199336188978","2","100","Song","BR","0.00000","0.001242546881",
"2026-01-26","2026-01-26","2025-12","YouTube (ContentID)","QuanThaSav and B.Scar","We CU","QZWFL2519015","199511232755","5","100","Song","US","0.00000","0.003725589990",
"2026-01-26","2026-01-26","2025-12","YouTube (ContentID)","QuanThaSav and B.Scar","We CU","QZWFL2519015","199511232755","1","100","Song","PL","0.00000","0.000047215080",
"2026-01-26","2026-01-26","2025-12","YouTube (ContentID)","QuanThaSav and B.Scar","We CU","QZWFL2519015","199511232755","1","100","Song","CA","0.00000","0.000255281539",
"2026-01-26","2026-01-26","2025-12","YouTube (ContentID)","QuanThaSav and MiloMadness","Broncos Country Anthem","QZMEQ2536230","199336188978","3","100","Song","YT","0.00000","0.002249518518",
"2026-01-26","2026-01-26","2025-12","YouTube (ContentID)","QuanThaSav and MiloMadness","Broncos Country Anthem","QZMEQ2536230","199336188978","1","100","Song","VI","0.00000","0.000053083622",
"2026-01-26","2026-01-26","2025-12","YouTube (ContentID)","QuanThaSav and MiloMadness","Broncos Country Anthem","QZMEQ2536230","199336188978","3365","100","Song","US","0.00000","14.682234450860",
"2026-01-26","2026-01-26","2025-12","YouTube (ContentID)","QuanThaSav and MiloMadness","Broncos Country Anthem","QZMEQ2536230","199336188978","4","100","Song","US","0.00000","0.001800375057",
"2026-01-26","2026-01-26","2025-12","YouTube (ContentID)","QuanThaSav and MiloMadness","Broncos Country Anthem","QZMEQ2536230","199336188978","25","100","Song","US","0.00000","0.007485190847",
"2026-01-26","2026-01-26","2025-12","YouTube (ContentID)","QuanThaSav and MiloMadness","Broncos Country Anthem","QZMEQ2536230","199336188978","2","100","Song","SA","0.00000","0.003323861674",
"2026-01-26","2026-01-26","2025-12","YouTube (ContentID)","QuanThaSav and MiloMadness","Broncos Country Anthem","QZMEQ2536230","199336188978","1","100","Song","PR","0.00000","0.000162852016",
"2026-01-26","2026-01-26","2025-12","YouTube (ContentID)","QuanThaSav and MiloMadness","Broncos Country Anthem","QZMEQ2536230","199336188978","2","100","Song","PL","0.00000","0.003663170052",
"2026-01-26","2026-01-26","2025-12","YouTube (ContentID)","QuanThaSav and MiloMadness","Broncos Country Anthem","QZMEQ2536230","199336188978","2","100","Song","NZ","0.00000","0.007284726813",
"2026-01-26","2026-01-26","2025-12","YouTube (ContentID)","QuanThaSav and MiloMadness","Broncos Country Anthem","QZMEQ2536230","199336188978","1","100","Song","NL","0.00000","0.000420134195",
"2026-01-26","2026-01-26","2025-12","YouTube (ContentID)","QuanThaSav and MiloMadness","Broncos Country Anthem","QZMEQ2536230","199336188978","1","100","Song","MY","0.00000","0.000074423771",
"2026-01-26","2026-01-26","2025-12","YouTube (ContentID)","QuanThaSav and MiloMadness","Broncos Country Anthem","QZMEQ2536230","199336188978","66","100","Song","MX","0.00000","0.060333671171",
"2026-01-26","2026-01-26","2025-12","YouTube (ContentID)","QuanThaSav and MiloMadness","Broncos Country Anthem","QZMEQ2536230","199336188978","3","100","Song","MQ","0.00000","0.001520085530",
"2026-01-26","2026-01-26","2025-12","YouTube (ContentID)","QuanThaSav and MiloMadness","Broncos Country Anthem","QZMEQ2536230","199336188978","2","100","Song","JP","0.00000","0.003066179368",
"2026-01-26","2026-01-26","2025-12","YouTube (ContentID)","QuanThaSav and MiloMadness","Broncos Country Anthem","QZMEQ2536230","199336188978","2","100","Song","IT","0.00000","0.004834344137",
"2026-01-26","2026-01-26","2025-12","YouTube (ContentID)","QuanThaSav and MiloMadness","Broncos Country Anthem","QZMEQ2536230","199336188978","2","100","Song","IN","0.00000","0.001486474794",
"2026-01-26","2026-01-26","2025-12","YouTube (ContentID)","QuanThaSav and MiloMadness","Broncos Country Anthem","QZMEQ2536230","199336188978","2","100","Song","GB","0.00000","0.006018322311",
"2026-01-26","2026-01-26","2025-12","YouTube (ContentID)","QuanThaSav and MiloMadness","Broncos Country Anthem","QZMEQ2536230","199336188978","6","100","Song","FR","0.00000","0.011054330862",
"2026-01-26","2026-01-26","2025-12","YouTube (ContentID)","QuanThaSav and MiloMadness","Broncos Country Anthem","QZMEQ2536230","199336188978","1","100","Song","DO","0.00000","0.000133642686",
"2026-01-26","2026-01-26","2025-12","YouTube (ContentID)","QuanThaSav and MiloMadness","Broncos Country Anthem","QZMEQ2536230","199336188978","2","100","Song","DK","0.00000","0.010082820552",
"2026-01-26","2026-01-26","2025-12","YouTube (ContentID)","QuanThaSav and MiloMadness","Broncos Country Anthem","QZMEQ2536230","199336188978","39","100","Song","DE","0.00000","0.064701066160",
"2026-01-26","2026-01-26","2025-12","YouTube (ContentID)","QuanThaSav and MiloMadness","Broncos Country Anthem","QZMEQ2536230","199336188978","1","100","Song","CZ","0.00000","0.001083946223",
"2026-01-26","2026-01-26","2025-12","YouTube (ContentID)","QuanThaSav and MiloMadness","Broncos Country Anthem","QZMEQ2536230","199336188978","4","100","Song","CR","0.00000","0.000989516061",
"2026-01-26","2026-01-26","2025-12","YouTube (ContentID)","QuanThaSav and MiloMadness","Broncos Country Anthem","QZMEQ2536230","199336188978","1","100","Song","CO","0.00000","0.000027208690",
"2026-01-26","2026-01-26","2025-12","YouTube (ContentID)","QuanThaSav and MiloMadness","Broncos Country Anthem","QZMEQ2536230","199336188978","1","100","Song","CH","0.00000","0.000326104160",
"2026-01-26","2026-01-26","2025-12","YouTube (ContentID)","QuanThaSav and MiloMadness","Broncos Country Anthem","QZMEQ2536230","199336188978","12","100","Song","CA","0.00000","0.045360088460",
"2026-01-26","2026-01-26","2025-12","YouTube (ContentID)","QuanThaSav and MiloMadness","Broncos Country Anthem","QZMEQ2536230","199336188978","11","100","Song","BR","0.00000","0.005626997318",
"2026-01-26","2026-01-26","2025-12","YouTube (ContentID)","QuanThaSav and MiloMadness","Broncos Country Anthem","QZMEQ2536230","199336188978","2","100","Song","BO","0.00000","0.000248079238",
"2026-01-26","2026-01-26","2025-12","YouTube (ContentID)","QuanThaSav and MiloMadness","Broncos Country Anthem","QZMEQ2536230","199336188978","1","100","Song","BG","0.00000","0.000258482561",
"2026-01-26","2026-01-26","2025-12","YouTube (ContentID)","QuanThaSav and MiloMadness","Broncos Country Anthem","QZMEQ2536230","199336188978","2","100","Song","BE","0.00000","0.005551373163",
"2026-01-26","2026-01-26","2025-12","YouTube (ContentID)","QuanThaSav and MiloMadness","Broncos Country Anthem","QZMEQ2536230","199336188978","2","100","Song","BA","0.00000","0.001484074027",
"2026-01-26","2026-01-26","2025-12","YouTube (ContentID)","QuanThaSav and MiloMadness","Broncos Country Anthem","QZMEQ2536230","199336188978","7","100","Song","AU","0.00000","0.013249832127",
"2026-01-26","2026-01-26","2025-12","YouTube (ContentID)","QuanThaSav and MiloMadness","Broncos Country Anthem","QZMEQ2536230","199336188978","2","100","Song","AT","0.00000","0.000043613930",
"2026-01-26","2026-01-26","2025-12","YouTube (ContentID)","QuanThaSav and MiloMadness","Broncos Country Anthem","QZMEQ2536230","199336188978","2","100","Song","AS","0.00000","0.000198063263",
"2026-01-26","2026-01-26","2025-12","YouTube (ContentID)","QuanThaSav and MiloMadness","Broncos Country Anthem","QZMEQ2536230","199336188978","1","100","Song","AE","0.00000","0.000157250227",
"2026-01-26","2026-01-26","2025-12","YouTube (Red)","QuanThaSav and MiloMadness","Broncos Country Anthem","QZMEQ2536230","199336188978","333","100","Song","US","0.00000","3.532500671910",
"2026-01-26","2026-01-26","2025-12","YouTube (Red)","QuanThaSav and MiloMadness","Broncos Country Anthem","QZMEQ2536230","199336188978","1","100","Song","NG","0.00000","0.000738784673",
"2026-01-26","2026-01-26","2025-12","YouTube (Red)","QuanThaSav and MiloMadness","Broncos Country Anthem","QZMEQ2536230","199336188978","7","100","Song","MX","0.00000","0.021735171907",
"2026-01-26","2026-01-26","2025-12","YouTube (Red)","QuanThaSav and MiloMadness","Broncos Country Anthem","QZMEQ2536230","199336188978","1","100","Song","KR","0.00000","0.008149990850",
"2026-01-26","2026-01-26","2025-12","YouTube (Red)","QuanThaSav and MiloMadness","Broncos Country Anthem","QZMEQ2536230","199336188978","1","100","Song","JP","0.00000","0.005958614825",
"2026-01-26","2026-01-26","2025-12","YouTube (Red)","QuanThaSav and MiloMadness","Broncos Country Anthem","QZMEQ2536230","199336188978","1","100","Song","CA","0.00000","0.005750109371",
"2026-01-26","2026-01-26","2025-12","YouTube (Red)","QuanThaSav and MiloMadness","Broncos Country Anthem","QZMEQ2536230","199336188978","1","100","Song","BR","0.00000","0.005338272107",
"2026-01-26","2026-01-26","2025-12","YouTube (ContentID)","QuanThaSav and B.Scar","We CU","QZWFL2519015","199511232755","1","100","Song","PL","0.00000","0.001776161207",
"2026-01-26","2026-01-26","2025-12","YouTube (ContentID)","QuanThaSav and B.Scar","We CU","QZWFL2519015","199511232755","1","100","Song","KR","0.00000","0.000672576366",
"2026-01-26","2026-01-26","2025-12","YouTube (ContentID)","QuanThaSav and MiloMadness","Broncos Country Anthem","QZMEQ2536230","199336188978","3","100","Song","US","0.00000","0.009566735884",
"2026-01-26","2026-01-26","2025-12","YouTube (ContentID)","QuanThaSav and MiloMadness","Broncos Country Anthem","QZMEQ2536230","199336188978","10","100","Song","US","0.00000","0.026735469043",
"2026-01-26","2026-01-26","2025-12","YouTube (ContentID)","QuanThaSav and MiloMadness","Broncos Country Anthem","QZMEQ2536230","199336188978","13","100","Song","US","0.00000","0.035467230436",
"2026-01-26","2026-01-26","2025-12","YouTube (ContentID)","QuanThaSav and MiloMadness","Broncos Country Anthem","QZMEQ2536230","199336188978","1","100","Song","US","0.00000","0.001460556172",
"2026-01-26","2026-01-26","2025-12","YouTube (ContentID)","QuanThaSav and MiloMadness","Broncos Country Anthem","QZMEQ2536230","199336188978","3","100","Song","US","0.00000","0.003188911964",
"2026-01-26","2026-01-26","2025-12","YouTube (ContentID)","QuanThaSav and MiloMadness","Broncos Country Anthem","QZMEQ2536230","199336188978","461","100","Song","US","0.00000","4.790407342992",
"2026-01-26","2026-01-26","2025-12","YouTube (ContentID)","QuanThaSav and MiloMadness","Broncos Country Anthem","QZMEQ2536230","199336188978","1","100","Song","PH","0.00000","0.000990750801",
"2026-01-26","2026-01-26","2025-12","YouTube (ContentID)","QuanThaSav and MiloMadness","Broncos Country Anthem","QZMEQ2536230","199336188978","8","100","Song","MX","0.00000","0.028786826987",
"2026-01-26","2026-01-26","2025-12","YouTube (ContentID)","QuanThaSav and MiloMadness","Broncos Country Anthem","QZMEQ2536230","199336188978","1","100","Song","IN","0.00000","0.000667151024",
"2026-01-26","2026-01-26","2025-12","YouTube (ContentID)","QuanThaSav and MiloMadness","Broncos Country Anthem","QZMEQ2536230","199336188978","1","100","Song","GB","0.00000","0.019956656769",
"2026-01-26","2026-01-26","2025-12","YouTube (ContentID)","QuanThaSav and MiloMadness","Broncos Country Anthem","QZMEQ2536230","199336188978","1","100","Song","DE","0.00000","0.015931338111",
"2026-01-26","2026-01-26","2025-12","YouTube (ContentID)","QuanThaSav and MiloMadness","Broncos Country Anthem","QZMEQ2536230","199336188978","2","100","Song","CZ","0.00000","0.007962876693",
"2026-01-26","2026-01-26","2025-12","YouTube (ContentID)","QuanThaSav and MiloMadness","Broncos Country Anthem","QZMEQ2536230","199336188978","6","100","Song","CA","0.00000","0.059144470527",
"2026-01-26","2026-01-26","2025-12","YouTube (ContentID)","QuanThaSav and MiloMadness","Broncos Country Anthem","QZMEQ2536230","199336188978","2","100","Song","BR","0.00000","0.008541235373",
"2026-01-26","2026-01-26","2025-12","YouTube (ContentID)","QuanThaSav and MiloMadness","Broncos Country Anthem","QZMEQ2536230","199336188978","1","100","Song","AU","0.00000","0.001123180752",
"2026-01-26","2026-01-26","2025-12","YouTube (ContentID)","QuanThaSav and MiloMadness","Broncos Country Anthem","QZMEQ2536230","199336188978","1","100","Song","AU","0.00000","0.011482125962",
"2026-01-26","2026-01-26","2025-12","Youtube Shorts Composition","QuanThaSav and MiloMadness","Broncos Country Anthem","QZMEQ2536230","199336188978","1111","100","Song","US","0.00000","0.013652410076",
"2026-01-26","2026-01-26","2025-12","YouTube (Ads) - Composition","QuanThaSav and MiloMadness","Broncos Country Anthem","QZMEQ2536230","199336188978","1","100","Song","VI","0.00000","0.000015925086",
"2026-01-26","2026-01-26","2025-12","YouTube (Ads) - Composition","QuanThaSav and MiloMadness","Broncos Country Anthem","QZMEQ2536230","199336188978","3365","100","Song","US","0.00000","4.404670335258",
"2026-01-26","2026-01-26","2025-12","YouTube (Ads) - Composition","QuanThaSav and MiloMadness","Broncos Country Anthem","QZMEQ2536230","199336188978","4","100","Song","US","0.00000","0.001080225034",
"2026-01-26","2026-01-26","2025-12","YouTube (Ads) - Composition","QuanThaSav and MiloMadness","Broncos Country Anthem","QZMEQ2536230","199336188978","25","100","Song","US","0.00000","0.002245557253",
"2026-01-26","2026-01-26","2025-12","YouTube (Ads) - Composition","QuanThaSav and MiloMadness","Broncos Country Anthem","QZMEQ2536230","199336188978","1","100","Song","PR","0.00000","0.000048855604",
"2026-01-26","2026-01-26","2025-12","YouTube (Ads) - Composition","QuanThaSav and MiloMadness","Broncos Country Anthem","QZMEQ2536230","199336188978","2","100","Song","AS","0.00000","0.000059418979",
"2026-01-23","2026-01-23","2025-12","iTunes Match","QuanThaSav and MiloMadness","Broncos Country Anthem","QZMEQ2536230","199336188978","1","100","Song","US","0.00000","0.000797352150",
"2026-01-23","2026-01-23","2025-12","iTunes Songs","QuanThaSav and MiloMadness","Broncos Country Anthem","QZMEQ2536230","199336188978","1","100","Song","US","0.00000","0.490252634400",
"2026-01-22","2026-01-22","2025-12","Apple Music","QuanThaSav and B.Scar","We CU","QZWFL2519015","199511232755","23","100","Song","US","0.00000","0.183731679639",
"2026-01-22","2026-01-22","2025-12","Apple Music","QuanThaSav and MiloMadness","Broncos Country Anthem","QZMEQ2536230","199336188978","1011","100","Song","US","0.00000","6.278021156738",
"2026-01-22","2026-01-22","2025-12","Apple Music","QuanThaSav and MiloMadness","Broncos Country Anthem","QZMEQ2536230","199336188978","1","100","Song","MW","0.00000","0.001512779557",
"2026-01-22","2026-01-22","2025-12","Apple Music","QuanThaSav and MiloMadness","Broncos Country Anthem","QZMEQ2536230","199336188978","8","100","Song","MX","0.00000","0.026409845380",
"2026-01-22","2026-01-22","2025-12","Apple Music","QuanThaSav and MiloMadness","Broncos Country Anthem","QZMEQ2536230","199336188978","1","100","Song","GB","0.00000","0.013871012046",
"2026-01-22","2026-01-22","2025-12","Apple Music","QuanThaSav and MiloMadness","Broncos Country Anthem","QZMEQ2536230","199336188978","7","100","Song","FR","0.00000","0.035675755140",
"2026-01-22","2026-01-22","2025-12","Apple Music","QuanThaSav and MiloMadness","Broncos Country Anthem","QZMEQ2536230","199336188978","1","100","Song","DE","0.00000","0.010667119217",
"2026-01-21","2026-01-21","2025-12","Apple Music","QuanThaSav and MiloMadness","Broncos Country Anthem","QZMEQ2536230","199336188978","17","100","Song","CA","0.00000","0.060576013764",
"2026-01-20","2026-01-20","2025-11","Spotify","QuanThaSav and MiloMadness","Broncos Country Anthem","QZMEQ2536230","199336188978","2","100","Song","GB","0.00000","0.005491265375",
"2026-01-20","2026-01-20","2025-11","Spotify","QuanThaSav and MiloMadness","Broncos Country Anthem","QZMEQ2536230","199336188978","1494","100","Song","US","0.00000","6.113659523079",
"2026-01-20","2026-01-20","2025-11","Spotify","QuanThaSav and MiloMadness","Broncos Country Anthem","QZMEQ2536230","199336188978","3","100","Song","JO","0.00000","0.010059995924",
"2026-01-20","2026-01-20","2025-11","Spotify","QuanThaSav and MiloMadness","Broncos Country Anthem","QZMEQ2536230","199336188978","1","100","Song","IN","0.00000","0.000093999961",
"2026-01-20","2026-01-20","2025-11","Spotify","QuanThaSav and MiloMadness","Broncos Country Anthem","QZMEQ2536230","199336188978","1","100","Song","HN","0.00000","0.000042999982",
"2026-01-20","2026-01-20","2025-11","Spotify","QuanThaSav and MiloMadness","Broncos Country Anthem","QZMEQ2536230","199336188978","1","100","Song","GT","0.00000","0.000060999975",
"2026-01-20","2026-01-20","2025-11","Spotify","QuanThaSav and MiloMadness","Broncos Country Anthem","QZMEQ2536230","199336188978","1","100","Song","EC","0.00000","0.000055999977",
"2026-01-20","2026-01-20","2025-11","Spotify","QuanThaSav and MiloMadness","Broncos Country Anthem","QZMEQ2536230","199336188978","2","100","Song","ZA","0.00000","0.000148569539",
"2026-01-20","2026-01-20","2025-11","Spotify","QuanThaSav and MiloMadness","Broncos Country Anthem","QZMEQ2536230","199336188978","7","100","Song","TR","0.00000","0.006108761625",
"2026-01-20","2026-01-20","2025-11","Spotify","QuanThaSav and MiloMadness","Broncos Country Anthem","QZMEQ2536230","199336188978","2","100","Song","PL","0.00000","0.001481052599",
"2026-01-20","2026-01-20","2025-11","Spotify","QuanThaSav and MiloMadness","Broncos Country Anthem","QZMEQ2536230","199336188978","1","100","Song","PH","0.00000","0.000562939271",
"2026-01-20","2026-01-20","2025-11","Spotify","QuanThaSav and MiloMadness","Broncos Country Anthem","QZMEQ2536230","199336188978","1","100","Song","NL","0.00000","0.006361794122",
"2026-01-20","2026-01-20","2025-11","Spotify","QuanThaSav and MiloMadness","Broncos Country Anthem","QZMEQ2536230","199336188978","26","100","Song","MX","0.00000","0.045617812918",
"2026-01-20","2026-01-20","2025-11","Spotify","QuanThaSav and MiloMadness","Broncos Country Anthem","QZMEQ2536230","199336188978","1","100","Song","IE","0.00000","0.007038481948",
"2026-01-20","2026-01-20","2025-11","Spotify","QuanThaSav and MiloMadness","Broncos Country Anthem","QZMEQ2536230","199336188978","1","100","Song","HU","0.00000","0.001712031806",
"2026-01-20","2026-01-20","2025-11","Spotify","QuanThaSav and MiloMadness","Broncos Country Anthem","QZMEQ2536230","199336188978","4","100","Song","HR","0.00000","0.009861303204",
"2026-01-20","2026-01-20","2025-11","Spotify","QuanThaSav and MiloMadness","Broncos Country Anthem","QZMEQ2536230","199336188978","19","100","Song","FR","0.00000","0.051810144909",
"2026-01-20","2026-01-20","2025-11","Spotify","QuanThaSav and MiloMadness","Broncos Country Anthem","QZMEQ2536230","199336188978","2","100","Song","ES","0.00000","0.000987755299",
"2026-01-20","2026-01-20","2025-11","Spotify","QuanThaSav and MiloMadness","Broncos Country Anthem","QZMEQ2536230","199336188978","47","100","Song","DE","0.00000","0.253253030395",
"2026-01-20","2026-01-20","2025-11","Spotify","QuanThaSav and MiloMadness","Broncos Country Anthem","QZMEQ2536230","199336188978","1","100","Song","CY","0.00000","0.000159015835",
"2026-01-20","2026-01-20","2025-11","Spotify","QuanThaSav and MiloMadness","Broncos Country Anthem","QZMEQ2536230","199336188978","40","100","Song","CA","0.00000","0.067425035683",
"2026-01-20","2026-01-20","2025-11","Spotify","QuanThaSav and MiloMadness","Broncos Country Anthem","QZMEQ2536230","199336188978","7","100","Song","BR","0.00000","0.016878892561",
"2026-01-20","2026-01-20","2025-11","Spotify","QuanThaSav and MiloMadness","Broncos Country Anthem","QZMEQ2536230","199336188978","1","100","Song","BE","0.00000","0.000321513769",
"2026-01-20","2026-01-20","2025-11","Spotify","QuanThaSav and MiloMadness","Broncos Country Anthem","QZMEQ2536230","199336188978","28","100","Song","AU","0.00000","0.061251274884",
"2026-01-16","2026-01-16","2025-11","Amazon Prime (Streaming)","QuanThaSav and B.Scar","We CU","QZWFL2519015","199511232755","2","100","Song","US","0.00000","0.004265611277",
"2026-01-16","2026-01-16","2025-11","Amazon Prime (Streaming)","QuanThaSav and MiloMadness","Broncos Country Anthem","QZMEQ2536230","199336188978","14","100","Song","US","0.00000","0.055452946610",
"2026-01-09","2026-01-09","2025-10","TikTok (Social Media Pack)","QuanThaSav and MiloMadness","Broncos Country Anthem","QZMEQ2536230","199336188978","50","100","Song","US","0.00000","0.042913779984",
"2026-01-09","2026-01-09","2025-10","TikTok","QuanThaSav and MiloMadness","Broncos Country Anthem","QZMEQ2536230","199336188978","512","100","Song","US","0.00000","0.549296383781",
"2026-01-09","2026-01-09","2025-10","TikTok","QuanThaSav and MiloMadness","Broncos Country Anthem","QZMEQ2536230","199336188978","1","100","Song","CA","0.00000","0.001072844545",
"2026-01-09","2026-01-09","2025-07","LyricFind","QuanThaSav and MiloMadness","Broncos Country Anthem","QZMEQ2536230","199336188978","18","100","Song","US","0.00000","0.004400734000",
"2026-01-09","2026-01-09","2025-07","LyricFind","QuanThaSav and MiloMadness","Broncos Country Anthem","QZMEQ2536230","199336188978","1","100","Song","PG","0.00000","0.000415000000",
"2026-01-09","2026-01-09","2025-11","Pandora","QuanThaSav and MiloMadness","Broncos Country Anthem","QZMEQ2536230","199336188978","4","100","Song","US","0.00000","0.023402244124",
"2026-01-09","2026-01-09","2025-11","Pandora","QuanThaSav and MiloMadness","Broncos Country Anthem","QZMEQ2536230","199336188978","5","100","Song","US","0.00000","0.032853466925",
"2026-01-09","2026-01-09","2025-11","Pandora","QuanThaSav and MiloMadness","Broncos Country Anthem","QZMEQ2536230","199336188978","8","100","Song","US","0.00000","0.028000001565",
"2025-12-30","2025-12-30","2025-11","Tidal","QuanThaSav and MiloMadness","Broncos Country Anthem","QZMEQ2536230","199336188978","3","100","Song","US","0.00000","0.046664719713",
"2025-12-30","2025-12-30","2025-11","Tidal","QuanThaSav and MiloMadness","Broncos Country Anthem","QZMEQ2536230","199336188978","3","100","Song","MX","0.00000","0.019506873157",
"2025-12-30","2025-12-30","2025-11","Tidal","QuanThaSav and MiloMadness","Broncos Country Anthem","QZMEQ2536230","199336188978","6","100","Song","FR","0.00000","0.073521788964",
"2025-12-30","2025-12-30","2025-09","NetEase","QuanThaSav and MiloMadness","Broncos Country Anthem","QZMEQ2536230","199336188978","7","100","Song","US","0.00000","0.003273839601",
"2025-12-30","2025-12-30","2025-10","Spotify","QuanThaSav and MiloMadness","Broncos Country Anthem","QZMEQ2536230","199336188978","7","100","Song","GB","0.00000","0.026823277451",
"2025-12-30","2025-12-30","2025-10","Spotify","QuanThaSav and MiloMadness","Broncos Country Anthem","QZMEQ2536230","199336188978","1530","100","Song","US","0.00000","5.928770668536",
"2025-12-30","2025-12-30","2025-10","Spotify","QuanThaSav and MiloMadness","Broncos Country Anthem","QZMEQ2536230","199336188978","1","100","Song","UG","0.00000","0.000020999991",
"2025-12-30","2025-12-30","2025-10","Spotify","QuanThaSav and MiloMadness","Broncos Country Anthem","QZMEQ2536230","199336188978","1","100","Song","KE","0.00000","0.000022999990",
"2025-12-30","2025-12-30","2025-10","Spotify","QuanThaSav and MiloMadness","Broncos Country Anthem","QZMEQ2536230","199336188978","1","100","Song","JO","0.00000","0.003351998681",
"2025-12-30","2025-12-30","2025-10","Spotify","QuanThaSav and MiloMadness","Broncos Country Anthem","QZMEQ2536230","199336188978","1","100","Song","GT","0.00000","0.000726999714",
"2025-12-30","2025-12-30","2025-10","Spotify","QuanThaSav and MiloMadness","Broncos Country Anthem","QZMEQ2536230","199336188978","1","100","Song","EG","0.00000","0.000007999996",
"2025-12-30","2025-12-30","2025-10","Spotify","QuanThaSav and MiloMadness","Broncos Country Anthem","QZMEQ2536230","199336188978","1","100","Song","EC","0.00000","0.000044999982",
"2025-12-30","2025-12-30","2025-10","Spotify","QuanThaSav and MiloMadness","Broncos Country Anthem","QZMEQ2536230","199336188978","3","100","Song","ZA","0.00000","0.000159137937",
"2025-12-30","2025-12-30","2025-10","Spotify","QuanThaSav and MiloMadness","Broncos Country Anthem","QZMEQ2536230","199336188978","2","100","Song","TW","0.00000","0.000229865909",
"2025-12-30","2025-12-30","2025-10","Spotify","QuanThaSav and MiloMadness","Broncos Country Anthem","QZMEQ2536230","199336188978","68","100","Song","TR","0.00000","0.046050982690",
"2025-12-30","2025-12-30","2025-10","Spotify","QuanThaSav and MiloMadness","Broncos Country Anthem","QZMEQ2536230","199336188978","2","100","Song","TH","0.00000","0.000058939976",
"2025-12-30","2025-12-30","2025-10","Spotify","QuanThaSav and MiloMadness","Broncos Country Anthem","QZMEQ2536230","199336188978","1","100","Song","SE","0.00000","0.000611796959",
"2025-12-30","2025-12-30","2025-10","Spotify","QuanThaSav and MiloMadness","Broncos Country Anthem","QZMEQ2536230","199336188978","3","100","Song","SA","0.00000","0.000381931049",
"2025-12-30","2025-12-30","2025-10","Spotify","QuanThaSav and MiloMadness","Broncos Country Anthem","QZMEQ2536230","199336188978","2","100","Song","RO","0.00000","0.000614154558",
"2025-12-30","2025-12-30","2025-10","Spotify","QuanThaSav and MiloMadness","Broncos Country Anthem","QZMEQ2536230","199336188978","11","100","Song","PL","0.00000","0.002110051170",
"2025-12-30","2025-12-30","2025-10","Spotify","QuanThaSav and MiloMadness","Broncos Country Anthem","QZMEQ2536230","199336188978","25","100","Song","PH","0.00000","0.000812192880",
"2025-12-30","2025-12-30","2025-10","Spotify","QuanThaSav and MiloMadness","Broncos Country Anthem","QZMEQ2536230","199336188978","1","100","Song","NZ","0.00000","0.003937190451",
"2025-12-30","2025-12-30","2025-10","Spotify","QuanThaSav and MiloMadness","Broncos Country Anthem","QZMEQ2536230","199336188978","1","100","Song","NL","0.00000","0.006527013033",
"2025-12-30","2025-12-30","2025-10","Spotify","QuanThaSav and MiloMadness","Broncos Country Anthem","QZMEQ2536230","199336188978","33","100","Song","MX","0.00000","0.062531779009",
"2025-12-30","2025-12-30","2025-10","Spotify","QuanThaSav and MiloMadness","Broncos Country Anthem","QZMEQ2536230","199336188978","1","100","Song","IT","0.00000","0.000806298882",
"2025-12-30","2025-12-30","2025-10","Spotify","QuanThaSav and MiloMadness","Broncos Country Anthem","QZMEQ2536230","199336188978","1","100","Song","IE","0.00000","0.007069260820",
"2025-12-30","2025-12-30","2025-10","Spotify","QuanThaSav and MiloMadness","Broncos Country Anthem","QZMEQ2536230","199336188978","9","100","Song","HU","0.00000","0.017008898511",
"2025-12-30","2025-12-30","2025-10","Spotify","QuanThaSav and MiloMadness","Broncos Country Anthem","QZMEQ2536230","199336188978","5","100","Song","HR","0.00000","0.016096507670",
"2025-12-30","2025-12-30","2025-10","Spotify","QuanThaSav and MiloMadness","Broncos Country Anthem","QZMEQ2536230","199336188978","3","100","Song","FR","0.00000","0.012587221450",
"2025-12-30","2025-12-30","2025-10","Spotify","QuanThaSav and MiloMadness","Broncos Country Anthem","QZMEQ2536230","199336188978","1","100","Song","FI","0.00000","0.000135561946",
"2025-12-30","2025-12-30","2025-10","Spotify","QuanThaSav and MiloMadness","Broncos Country Anthem","QZMEQ2536230","199336188978","2","100","Song","ES","0.00000","0.003648384565",
"2025-12-30","2025-12-30","2025-10","Spotify","QuanThaSav and MiloMadness","Broncos Country Anthem","QZMEQ2536230","199336188978","25","100","Song","DE","0.00000","0.118277209087",
"2025-12-30","2025-12-30","2025-10","Spotify","QuanThaSav and MiloMadness","Broncos Country Anthem","QZMEQ2536230","199336188978","2","100","Song","CY","0.00000","0.000139098345",
"2025-12-30","2025-12-30","2025-10","Spotify","QuanThaSav and MiloMadness","Broncos Country Anthem","QZMEQ2536230","199336188978","20","100","Song","CA","0.00000","0.028855833852",
"2025-12-30","2025-12-30","2025-10","Spotify","QuanThaSav and MiloMadness","Broncos Country Anthem","QZMEQ2536230","199336188978","11","100","Song","BR","0.00000","0.028686086719",
"2025-12-30","2025-12-30","2025-10","Spotify","QuanThaSav and MiloMadness","Broncos Country Anthem","QZMEQ2536230","199336188978","16","100","Song","AU","0.00000","0.062627261772",
"2025-12-24","2025-12-24","2025-11","iTunes Songs","QuanThaSav and MiloMadness","Broncos Country Anthem","QZMEQ2536230","199336188978","1","100","Song","US","0.00000","0.490016058651",
"2025-12-24","2025-12-24","2025-11","Apple Music","QuanThaSav and B.Scar","We CU","QZWFL2519015","199511232755","30","100","Song","US","0.00000","0.274316989829",
"2025-12-24","2025-12-24","2025-11","Apple Music","QuanThaSav and MiloMadness","Broncos Country Anthem","QZMEQ2536230","199336188978","1003","100","Song","US","0.00000","5.841494435611",
"2025-12-24","2025-12-24","2025-11","Apple Music","QuanThaSav and MiloMadness","Broncos Country Anthem","QZMEQ2536230","199336188978","1","100","Song","UA","0.00000","0.002172071182",
"2025-12-24","2025-12-24","2025-11","Apple Music","QuanThaSav and B.Scar","We CU","QZWFL2519015","199511232755","1","100","Song","MX","0.00000","0.003796075951",
"2025-12-24","2025-12-24","2025-11","Apple Music","QuanThaSav and MiloMadness","Broncos Country Anthem","QZMEQ2536230","199336188978","23","100","Song","MX","0.00000","0.054818046955",
"2025-12-24","2025-12-24","2025-11","Apple Music","QuanThaSav and B.Scar","We CU","QZWFL2519015","199511232755","1","100","Song","GB","0.00000","0.013947202068",
"2025-12-24","2025-12-24","2025-11","Apple Music","QuanThaSav and MiloMadness","Broncos Country Anthem","QZMEQ2536230","199336188978","3","100","Song","DE","0.00000","0.024548416026",
"2025-12-24","2025-12-24","2025-11","Apple Music","QuanThaSav and MiloMadness","Broncos Country Anthem","QZMEQ2536230","199336188978","1","100","Song","CZ","0.00000","0.003232478156",
"2025-12-24","2025-12-24","2025-11","Apple Music","QuanThaSav and MiloMadness","Broncos Country Anthem","QZMEQ2536230","199336188978","23","100","Song","CA","0.00000","0.081187638005",
"2025-12-24","2025-12-24","2025-11","Apple Music","QuanThaSav and MiloMadness","Broncos Country Anthem","QZMEQ2536230","199336188978","1","100","Song","AU","0.00000","0.007732661629",
"2025-12-23","2025-12-23","2025-11","YouTube (Ads) - Composition","QuanThaSav and MiloMadness","Broncos Country Anthem","QZMEQ2536230","199336188978","6798","100","Song","US","0.00000","6.500670266540",
"2025-12-23","2025-12-23","2025-11","YouTube (Ads) - Composition","QuanThaSav and MiloMadness","Broncos Country Anthem","QZMEQ2536230","199336188978","15","100","Song","US","0.00000","0.004032429804",
"2025-12-23","2025-12-23","2025-11","YouTube (Ads) - Composition","QuanThaSav and MiloMadness","Broncos Country Anthem","QZMEQ2536230","199336188978","1","100","Song","GU","0.00000","0.000032415030",
"2025-12-23","2025-12-23","2025-11","YouTube (Red) - Composition","QuanThaSav and MiloMadness","Broncos Country Anthem","QZMEQ2536230","199336188978","1297","100","Song","US","0.00000","2.138437544094",
"2025-12-23","2025-12-23","2025-11","YouTube (Red) - Composition","QuanThaSav and MiloMadness","Broncos Country Anthem","QZMEQ2536230","199336188978","2","100","Song","PR","0.00000","0.003510871900",
"2025-12-23","2025-12-23","2025-11","YouTube (Red) - Composition","QuanThaSav and MiloMadness","Broncos Country Anthem","QZMEQ2536230","199336188978","1","100","Song","GU","0.00000","0.001669763882",
"2025-12-23","2025-12-23","2025-11","Youtube Shorts Composition","QuanThaSav and MiloMadness","Broncos Country Anthem","QZMEQ2536230","199336188978","374","100","Song","US","0.00000","0.007796284091",
"2025-12-23","2025-12-23","2025-11","YouTube (Red)","QuanThaSav and B.Scar","We CU","QZWFL2519015","199511232755","1","100","Song","US","0.00000","0.019542468158",
"2025-12-23","2025-12-23","2025-11","YouTube (Red)","QuanThaSav and MiloMadness","Broncos Country Anthem","QZMEQ2536230","199336188978","155","100","Song","US","0.00000","1.729678147135",
"2025-12-23","2025-12-23","2025-11","YouTube (Red)","QuanThaSav and MiloMadness","Broncos Country Anthem","QZMEQ2536230","199336188978","2","100","Song","MX","0.00000","0.006692259959",
"2025-12-23","2025-12-23","2025-11","YouTube (Red)","QuanThaSav and MiloMadness","Broncos Country Anthem","QZMEQ2536230","199336188978","1","100","Song","DE","0.00000","0.020607912933",
"2025-12-23","2025-12-23","2025-11","YouTube (Audio)","QuanThaSav and MiloMadness","Broncos Country Anthem","QZMEQ2536230","199336188978","5","100","Song","US","0.00000","0.012505798834",
"2025-12-23","2025-12-23","2025-11","YouTube (ContentID)","QuanThaSav and B.Scar","We CU","QZWFL2519015","199511232755","4","100","Song","US","0.00000","0.009417166661",
"2025-12-23","2025-12-23","2025-11","YouTube (ContentID)","QuanThaSav and B.Scar","We CU","QZWFL2519015","199511232755","1","100","Song","US","0.00000","0.000034925285",
"2025-12-23","2025-12-23","2025-11","YouTube (ContentID)","QuanThaSav and B.Scar","We CU","QZWFL2519015","199511232755","3","100","Song","PL","0.00000","0.000190888513",
"2025-12-23","2025-12-23","2025-11","YouTube (ContentID)","QuanThaSav and MiloMadness","Broncos Country Anthem","QZMEQ2536230","199336188978","6798","100","Song","US","0.00000","21.668900888469",
"2025-12-23","2025-12-23","2025-11","YouTube (ContentID)","QuanThaSav and MiloMadness","Broncos Country Anthem","QZMEQ2536230","199336188978","15","100","Song","US","0.00000","0.006720716340",
"2025-12-23","2025-12-23","2025-11","YouTube (ContentID)","QuanThaSav and MiloMadness","Broncos Country Anthem","QZMEQ2536230","199336188978","2","100","Song","TH","0.00000","0.000783963517",
"2025-12-23","2025-12-23","2025-11","YouTube (ContentID)","QuanThaSav and MiloMadness","Broncos Country Anthem","QZMEQ2536230","199336188978","1","100","Song","SG","0.00000","0.001110114750",
"2025-12-23","2025-12-23","2025-11","YouTube (ContentID)","QuanThaSav and MiloMadness","Broncos Country Anthem","QZMEQ2536230","199336188978","1","100","Song","SA","0.00000","0.005281248871",
"2025-12-23","2025-12-23","2025-11","YouTube (ContentID)","QuanThaSav and MiloMadness","Broncos Country Anthem","QZMEQ2536230","199336188978","2","100","Song","PL","0.00000","0.003526835364",
"2025-12-23","2025-12-23","2025-11","YouTube (ContentID)","QuanThaSav and MiloMadness","Broncos Country Anthem","QZMEQ2536230","199336188978","3","100","Song","PA","0.00000","0.001853659526",
"2025-12-23","2025-12-23","2025-11","YouTube (ContentID)","QuanThaSav and MiloMadness","Broncos Country Anthem","QZMEQ2536230","199336188978","4","100","Song","NZ","0.00000","0.045896481815",
"2025-12-23","2025-12-23","2025-11","YouTube (ContentID)","QuanThaSav and MiloMadness","Broncos Country Anthem","QZMEQ2536230","199336188978","1","100","Song","NO","0.00000","0.000591874447",
"2025-12-23","2025-12-23","2025-11","YouTube (ContentID)","QuanThaSav and MiloMadness","Broncos Country Anthem","QZMEQ2536230","199336188978","1","100","Song","NL","0.00000","0.009798543502",
"2025-12-23","2025-12-23","2025-11","YouTube (ContentID)","QuanThaSav and MiloMadness","Broncos Country Anthem","QZMEQ2536230","199336188978","114","100","Song","MX","0.00000","0.049105169657",
"2025-12-23","2025-12-23","2025-11","YouTube (ContentID)","QuanThaSav and MiloMadness","Broncos Country Anthem","QZMEQ2536230","199336188978","1","100","Song","KW","0.00000","0.000465015623",
"2025-12-23","2025-12-23","2025-11","YouTube (ContentID)","QuanThaSav and MiloMadness","Broncos Country Anthem","QZMEQ2536230","199336188978","1","100","Song","KH","0.00000","0.000568663684",
"2025-12-23","2025-12-23","2025-11","YouTube (ContentID)","QuanThaSav and MiloMadness","Broncos Country Anthem","QZMEQ2536230","199336188978","1","100","Song","JP","0.00000","0.000298138244",
"2025-12-23","2025-12-23","2025-11","YouTube (ContentID)","QuanThaSav and MiloMadness","Broncos Country Anthem","QZMEQ2536230","199336188978","1","100","Song","JO","0.00000","0.006272508509",
"2025-12-23","2025-12-23","2025-11","YouTube (ContentID)","QuanThaSav and MiloMadness","Broncos Country Anthem","QZMEQ2536230","199336188978","1","100","Song","IN","0.00000","0.000036416886",
"2025-12-23","2025-12-23","2025-11","YouTube (ContentID)","QuanThaSav and MiloMadness","Broncos Country Anthem","QZMEQ2536230","199336188978","2","100","Song","IE","0.00000","0.003505225343",
"2025-12-23","2025-12-23","2025-11","YouTube (ContentID)","QuanThaSav and MiloMadness","Broncos Country Anthem","QZMEQ2536230","199336188978","3","100","Song","ID","0.00000","0.001269388604",
"2025-12-23","2025-12-23","2025-11","YouTube (ContentID)","QuanThaSav and MiloMadness","Broncos Country Anthem","QZMEQ2536230","199336188978","2","100","Song","HU","0.00000","0.002587599848",
"2025-12-23","2025-12-23","2025-11","YouTube (ContentID)","QuanThaSav and MiloMadness","Broncos Country Anthem","QZMEQ2536230","199336188978","1","100","Song","HN","0.00000","0.000166077008",
"2025-12-23","2025-12-23","2025-11","YouTube (ContentID)","QuanThaSav and MiloMadness","Broncos Country Anthem","QZMEQ2536230","199336188978","1","100","Song","GU","0.00000","0.000108050101",
"2025-12-23","2025-12-23","2025-11","YouTube (ContentID)","QuanThaSav and MiloMadness","Broncos Country Anthem","QZMEQ2536230","199336188978","2","100","Song","GT","0.00000","0.000346160511",
"2025-12-23","2025-12-23","2025-11","YouTube (ContentID)","QuanThaSav and MiloMadness","Broncos Country Anthem","QZMEQ2536230","199336188978","1","100","Song","GE","0.00000","0.001338220521",
"2025-12-23","2025-12-23","2025-11","YouTube (ContentID)","QuanThaSav and MiloMadness","Broncos Country Anthem","QZMEQ2536230","199336188978","8","100","Song","GB","0.00000","0.027394302509",
"2025-12-23","2025-12-23","2025-11","YouTube (ContentID)","QuanThaSav and MiloMadness","Broncos Country Anthem","QZMEQ2536230","199336188978","9","100","Song","FR","0.00000","0.015316302041",
"2025-12-23","2025-12-23","2025-11","YouTube (ContentID)","QuanThaSav and MiloMadness","Broncos Country Anthem","QZMEQ2536230","199336188978","10","100","Song","ES","0.00000","0.011929931809",
"2025-12-23","2025-12-23","2025-11","YouTube (ContentID)","QuanThaSav and MiloMadness","Broncos Country Anthem","QZMEQ2536230","199336188978","1","100","Song","DK","0.00000","0.000414992428",
"2025-12-23","2025-12-23","2025-11","YouTube (ContentID)","QuanThaSav and MiloMadness","Broncos Country Anthem","QZMEQ2536230","199336188978","76","100","Song","DE","0.00000","0.223679318232",
"2025-12-23","2025-12-23","2025-11","YouTube (ContentID)","QuanThaSav and MiloMadness","Broncos Country Anthem","QZMEQ2536230","199336188978","1","100","Song","CR","0.00000","0.000234108554",
"2025-12-23","2025-12-23","2025-11","YouTube (ContentID)","QuanThaSav and MiloMadness","Broncos Country Anthem","QZMEQ2536230","199336188978","1","100","Song","CO","0.00000","0.000673512302",
"2025-12-23","2025-12-23","2025-11","YouTube (ContentID)","QuanThaSav and MiloMadness","Broncos Country Anthem","QZMEQ2536230","199336188978","28","100","Song","CA","0.00000","0.079641329019",
"2025-12-23","2025-12-23","2025-11","YouTube (ContentID)","QuanThaSav and MiloMadness","Broncos Country Anthem","QZMEQ2536230","199336188978","11","100","Song","BR","0.00000","0.005200011201",
"2025-12-23","2025-12-23","2025-11","YouTube (ContentID)","QuanThaSav and MiloMadness","Broncos Country Anthem","QZMEQ2536230","199336188978","1","100","Song","BE","0.00000","0.009890185996",
"2025-12-23","2025-12-23","2025-11","YouTube (ContentID)","QuanThaSav and MiloMadness","Broncos Country Anthem","QZMEQ2536230","199336188978","16","100","Song","AU","0.00000","0.086247592288",
"2025-12-23","2025-12-23","2025-11","YouTube (Ads)","QuanThaSav and B.Scar","We CU","QZWFL2519015","199511232755","1","100","Song","US","0.00000","0.017810483572",
"2025-12-23","2025-12-23","2025-11","YouTube (Ads)","QuanThaSav and B.Scar","We CU","QZWFL2519015","199511232755","1","100","Song","MX","0.00000","0.000057251547",
"2025-12-23","2025-12-23","2025-11","YouTube (Ads)","QuanThaSav and MiloMadness","Broncos Country Anthem","QZMEQ2536230","199336188978","185","100","Song","US","0.00000","0.414947657765",
"2025-12-23","2025-12-23","2025-11","YouTube (Ads)","QuanThaSav and MiloMadness","Broncos Country Anthem","QZMEQ2536230","199336188978","1","100","Song","FR","0.00000","0.000618736903",
"2025-12-23","2025-12-23","2025-11","YouTube (Ads)","QuanThaSav and MiloMadness","Broncos Country Anthem","QZMEQ2536230","199336188978","2","100","Song","DE","0.00000","0.006972608140",
"2025-12-23","2025-12-23","2025-11","YouTube (Ads)","QuanThaSav and MiloMadness","Broncos Country Anthem","QZMEQ2536230","199336188978","1","100","Song","CO","0.00000","0.000500031860",
"2025-12-23","2025-12-23","2025-11","YouTube (Ads)","QuanThaSav and MiloMadness","Broncos Country Anthem","QZMEQ2536230","199336188978","1","100","Song","BO","0.00000","0.000325125758",
"2025-12-23","2025-12-23","2025-11","YouTube (Ads)","QuanThaSav and MiloMadness","Broncos Country Anthem","QZMEQ2536230","199336188978","1","100","Song","AS","0.00000","0.000101897248",
"2025-12-23","2025-12-23","2025-11","YouTube (ContentID)","QuanThaSav and B.Scar","We CU","QZWFL2519015","199511232755","1","100","Song","US","0.00000","0.000172953627",
"2025-12-23","2025-12-23","2025-11","YouTube (ContentID)","QuanThaSav and B.Scar","We CU","QZWFL2519015","199511232755","1","100","Song","PL","0.00000","0.001810281518",
"2025-12-23","2025-12-23","2025-11","YouTube (ContentID)","QuanThaSav and B.Scar","We CU","QZWFL2519015","199511232755","1","100","Song","KR","0.00000","0.000473835056",
"2025-12-23","2025-12-23","2025-11","YouTube (ContentID)","QuanThaSav and B.Scar","We CU","QZWFL2519015","199511232755","1","100","Song","FR","0.00000","0.005613837741",
"2025-12-23","2025-12-23","2025-11","YouTube (ContentID)","QuanThaSav and MiloMadness","Broncos Country Anthem","QZMEQ2536230","199336188978","2","100","Song","US","0.00000","0.007966215594",
"2025-12-23","2025-12-23","2025-11","YouTube (ContentID)","QuanThaSav and MiloMadness","Broncos Country Anthem","QZMEQ2536230","199336188978","4","100","Song","US","0.00000","0.010416703673",
"2025-12-23","2025-12-23","2025-11","YouTube (ContentID)","QuanThaSav and MiloMadness","Broncos Country Anthem","QZMEQ2536230","199336188978","3","100","Song","US","0.00000","0.005805718350",
"2025-12-23","2025-12-23","2025-11","YouTube (ContentID)","QuanThaSav and MiloMadness","Broncos Country Anthem","QZMEQ2536230","199336188978","923","100","Song","US","0.00000","10.381626894350",
"2025-12-23","2025-12-23","2025-11","YouTube (ContentID)","QuanThaSav and MiloMadness","Broncos Country Anthem","QZMEQ2536230","199336188978","2","100","Song","PR","0.00000","0.027032133264",
"2025-12-23","2025-12-23","2025-11","YouTube (ContentID)","QuanThaSav and MiloMadness","Broncos Country Anthem","QZMEQ2536230","199336188978","3","100","Song","PL","0.00000","0.016531538007",
"2025-12-23","2025-12-23","2025-11","YouTube (ContentID)","QuanThaSav and MiloMadness","Broncos Country Anthem","QZMEQ2536230","199336188978","1","100","Song","PH","0.00000","0.001383235680",
"2025-12-23","2025-12-23","2025-11","YouTube (ContentID)","QuanThaSav and MiloMadness","Broncos Country Anthem","QZMEQ2536230","199336188978","1","100","Song","NO","0.00000","0.025401630596",
"2025-12-23","2025-12-23","2025-11","YouTube (ContentID)","QuanThaSav and MiloMadness","Broncos Country Anthem","QZMEQ2536230","199336188978","36","100","Song","MX","0.00000","0.114104908764",
"2025-12-23","2025-12-23","2025-11","YouTube (ContentID)","QuanThaSav and MiloMadness","Broncos Country Anthem","QZMEQ2536230","199336188978","1","100","Song","GU","0.00000","0.013397334962",
"2025-12-23","2025-12-23","2025-11","YouTube (ContentID)","QuanThaSav and MiloMadness","Broncos Country Anthem","QZMEQ2536230","199336188978","1","100","Song","GB","0.00000","0.009172292479",
"2025-12-23","2025-12-23","2025-11","YouTube (ContentID)","QuanThaSav and MiloMadness","Broncos Country Anthem","QZMEQ2536230","199336188978","1","100","Song","DE","0.00000","0.016486330346",
"2025-12-23","2025-12-23","2025-11","YouTube (ContentID)","QuanThaSav and MiloMadness","Broncos Country Anthem","QZMEQ2536230","199336188978","7","100","Song","CA","0.00000","0.077721460578",
"2025-12-23","2025-12-23","2025-11","YouTube (ContentID)","QuanThaSav and MiloMadness","Broncos Country Anthem","QZMEQ2536230","199336188978","1","100","Song","BR","0.00000","0.002443380374",
"2025-12-23","2025-12-23","2025-11","YouTube (ContentID)","QuanThaSav and MiloMadness","Broncos Country Anthem","QZMEQ2536230","199336188978","1","100","Song","BH","0.00000","0.007494452060",
"2025-12-23","2025-12-23","2025-11","YouTube (ContentID)","QuanThaSav and MiloMadness","Broncos Country Anthem","QZMEQ2536230","199336188978","1","100","Song","BE","0.00000","0.005585543595",
"2025-12-23","2025-12-23","2025-11","YouTube (ContentID)","QuanThaSav and MiloMadness","Broncos Country Anthem","QZMEQ2536230","199336188978","1","100","Song","AU","0.00000","0.011677561940",
"2025-12-18","2025-12-18","2025-10","Amazon Prime (Streaming)","QuanThaSav and B.Scar","We CU","QZWFL2519015","199511232755","1","100","Song","US","0.00000","0.002132561766",
"2025-12-18","2025-12-18","2025-10","Amazon Prime (Streaming)","QuanThaSav and MiloMadness","Broncos Country Anthem","QZMEQ2536230","199336188978","10","100","Song","US","0.00000","0.038386111804",
"2025-12-08","2025-12-08","2025-10","Pandora","QuanThaSav and MiloMadness","Broncos Country Anthem","QZMEQ2536230","199336188978","2","100","Song","US","0.00000","0.011295468048",
"2025-12-08","2025-12-08","2025-10","Pandora","QuanThaSav and MiloMadness","Broncos Country Anthem","QZMEQ2536230","199336188978","1","100","Song","US","0.00000","0.003115820843",
"2025-12-08","2025-12-08","2025-10","Pandora","QuanThaSav and MiloMadness","Broncos Country Anthem","QZMEQ2536230","199336188978","11","100","Song","US","0.00000","0.038500005646",
"2025-12-07","2025-12-07","2025-09","Pandora","QuanThaSav and MiloMadness","Broncos Country Anthem","QZMEQ2536230","199336188978","13","100","Song","US","0.00000","0.045500113799",
"2025-12-07","2025-12-07","2025-09","Facebook","QuanThaSav and B.Scar","We CU","QZWFL2519015","199511232755","34","100","Song","US","0.00000","0.001367378861",
"2025-12-07","2025-12-07","2025-09","Facebook","QuanThaSav and B.Scar","We CU","QZWFL2519015","199511232755","4","100","Song","OU","0.00000","0.000160868100",
"2025-12-07","2025-12-07","2025-09","Facebook","QuanThaSav and MiloMadness","Broncos Country Anthem","QZMEQ2536230","199336188978","15978","100","Song","US","0.00000","0.642587631559",
"2025-12-07","2025-12-07","2025-09","Facebook","QuanThaSav and MiloMadness","Broncos Country Anthem","QZMEQ2536230","199336188978","637","100","Song","OU","0.00000","0.025618245155",
"2025-12-07","2025-12-07","2025-09","Facebook","QuanThaSav and B.Scar","We CU","QZWFL2519015","199511232755","1","100","Song","US","0.00000","0.000967578117",
"2025-12-07","2025-12-07","2025-09","Facebook","QuanThaSav and MiloMadness","Broncos Country Anthem","QZMEQ2536230","199336188978","928","100","Song","US","0.00000","0.897912492929",
"2025-12-07","2025-12-07","2025-09","Facebook","QuanThaSav and MiloMadness","Broncos Country Anthem","QZMEQ2536230","199336188978","60","100","Song","OU","0.00000","0.058054687023",
"2025-11-28","2025-11-28","2025-10","iTunes Songs","QuanThaSav and MiloMadness","Broncos Country Anthem","QZMEQ2536230","199336188978","1","100","Song","US","0.00000","0.490377154000",
"2025-11-28","2025-11-28","2025-10","Apple Music","QuanThaSav and B.Scar","We CU","QZWFL2519015","199511232755","54","100","Song","US","0.00000","0.369498184769",
"2025-11-28","2025-11-28","2025-10","Apple Music","QuanThaSav and MiloMadness","Broncos Country Anthem","QZMEQ2536230","199336188978","1068","100","Song","US","0.00000","6.580364024144",
"2025-11-28","2025-11-28","2025-10","Apple Music","QuanThaSav and MiloMadness","Broncos Country Anthem","QZMEQ2536230","199336188978","25","100","Song","MX","0.00000","0.048650308050",
"2025-11-28","2025-11-28","2025-10","Apple Music","QuanThaSav and MiloMadness","Broncos Country Anthem","QZMEQ2536230","199336188978","3","100","Song","DE","0.00000","0.034707223003",
"2025-11-28","2025-11-28","2025-10","Apple Music","QuanThaSav and MiloMadness","Broncos Country Anthem","QZMEQ2536230","199336188978","3","100","Song","CZ","0.00000","0.009963351795",
"2025-11-27","2025-11-27","2025-10","Apple Music","QuanThaSav and MiloMadness","Broncos Country Anthem","QZMEQ2536230","199336188978","5","100","Song","CA","0.00000","0.021056809742",
"2025-11-26","2025-11-26","2025-10","YouTube (Red) - Composition","QuanThaSav and MiloMadness","Broncos Country Anthem","QZMEQ2536230","199336188978","1","100","Song","US","0.00000","0.002048988909",
"2025-11-26","2025-11-26","2025-10","YouTube (Red) - Composition","QuanThaSav and MiloMadness","Broncos Country Anthem","QZMEQ2536230","199336188978","18","100","Song","US","0.00000","0.025256082101",
"2025-11-26","2025-11-26","2025-10","YouTube (Red) - Composition","QuanThaSav and MiloMadness","Broncos Country Anthem","QZMEQ2536230","199336188978","347","100","Song","US","0.00000","0.524270390458",
"2025-11-26","2025-11-26","2025-10","YouTube (Audio)","QuanThaSav and MiloMadness","Broncos Country Anthem","QZMEQ2536230","199336188978","1","100","Song","US","0.00000","0.002501320454",
"2025-11-26","2025-11-26","2025-10","YouTube (Ads) - Composition","QuanThaSav and MiloMadness","Broncos Country Anthem","QZMEQ2536230","199336188978","2106","100","Song","US","0.00000","2.168058324630",
"2025-11-26","2025-11-26","2025-10","YouTube (Ads) - Composition","QuanThaSav and MiloMadness","Broncos Country Anthem","QZMEQ2536230","199336188978","50","100","Song","US","0.00000","0.014983910052",
"2025-11-26","2025-11-26","2025-10","YouTube (Ads) - Composition","QuanThaSav and MiloMadness","Broncos Country Anthem","QZMEQ2536230","199336188978","2","100","Song","PR","0.00000","0.000174091903",
"2025-11-26","2025-11-26","2025-10","Youtube Shorts Composition","QuanThaSav and MiloMadness","Broncos Country Anthem","QZMEQ2536230","199336188978","111","100","Song","US","0.00000","0.002167884522",
"2025-11-26","2025-11-26","2025-10","YouTube (Ads)","QuanThaSav and B.Scar","We CU","QZWFL2519015","199511232755","51","100","Song","US","0.00000","0.259721257647",
"2025-11-26","2025-11-26","2025-10","YouTube (Ads)","QuanThaSav and MiloMadness","Broncos Country Anthem","QZMEQ2536230","199336188978","149","100","Song","US","0.00000","0.321118294331",
"2025-11-26","2025-11-26","2025-10","YouTube (Ads)","QuanThaSav and MiloMadness","Broncos Country Anthem","QZMEQ2536230","199336188978","3","100","Song","MX","0.00000","0.000159159020",
"2025-11-26","2025-11-26","2025-10","YouTube (ContentID)","QuanThaSav and B.Scar","We CU","QZWFL2519015","199511232755","6","100","Song","US","0.00000","0.016154127813",
"2025-11-26","2025-11-26","2025-10","YouTube (ContentID)","QuanThaSav and B.Scar","We CU","QZWFL2519015","199511232755","8","100","Song","US","0.00000","0.000374550454",
"2025-11-26","2025-11-26","2025-10","YouTube (ContentID)","QuanThaSav and MiloMadness","Broncos Country Anthem","QZMEQ2536230","199336188978","2106","100","Song","US","0.00000","7.226861082100",
"2025-11-26","2025-11-26","2025-10","YouTube (ContentID)","QuanThaSav and MiloMadness","Broncos Country Anthem","QZMEQ2536230","199336188978","50","100","Song","US","0.00000","0.024973183420",
"2025-11-26","2025-11-26","2025-10","YouTube (ContentID)","QuanThaSav and MiloMadness","Broncos Country Anthem","QZMEQ2536230","199336188978","2","100","Song","TH","0.00000","0.001457969666",
"2025-11-26","2025-11-26","2025-10","YouTube (ContentID)","QuanThaSav and MiloMadness","Broncos Country Anthem","QZMEQ2536230","199336188978","4","100","Song","SE","0.00000","0.021590597742",
"2025-11-26","2025-11-26","2025-10","YouTube (ContentID)","QuanThaSav and MiloMadness","Broncos Country Anthem","QZMEQ2536230","199336188978","2","100","Song","PR","0.00000","0.000580306345",
"2025-11-26","2025-11-26","2025-10","YouTube (ContentID)","QuanThaSav and MiloMadness","Broncos Country Anthem","QZMEQ2536230","199336188978","1","100","Song","PL","0.00000","0.001453967553",
"2025-11-26","2025-11-26","2025-10","YouTube (ContentID)","QuanThaSav and MiloMadness","Broncos Country Anthem","QZMEQ2536230","199336188978","1","100","Song","PH","0.00000","0.000381401342",
"2025-11-26","2025-11-26","2025-10","YouTube (ContentID)","QuanThaSav and MiloMadness","Broncos Country Anthem","QZMEQ2536230","199336188978","1","100","Song","PE","0.00000","0.000531080358",
"2025-11-26","2025-11-26","2025-10","YouTube (ContentID)","QuanThaSav and MiloMadness","Broncos Country Anthem","QZMEQ2536230","199336188978","1","100","Song","NL","0.00000","0.000210911340",
"2025-11-26","2025-11-26","2025-10","YouTube (ContentID)","QuanThaSav and MiloMadness","Broncos Country Anthem","QZMEQ2536230","199336188978","10","100","Song","MX","0.00000","0.002234779747",
"2025-11-26","2025-11-26","2025-10","YouTube (ContentID)","QuanThaSav and MiloMadness","Broncos Country Anthem","QZMEQ2536230","199336188978","1","100","Song","JP","0.00000","0.002092704745",
"2025-11-26","2025-11-26","2025-10","YouTube (ContentID)","QuanThaSav and MiloMadness","Broncos Country Anthem","QZMEQ2536230","199336188978","1","100","Song","IE","0.00000","0.006118029726",
"2025-11-26","2025-11-26","2025-10","YouTube (ContentID)","QuanThaSav and MiloMadness","Broncos Country Anthem","QZMEQ2536230","199336188978","10","100","Song","GB","0.00000","0.028978097626",
"2025-11-26","2025-11-26","2025-10","YouTube (ContentID)","QuanThaSav and MiloMadness","Broncos Country Anthem","QZMEQ2536230","199336188978","0","100","Song","FR","0.00000","0.001940224250",
"2025-11-26","2025-11-26","2025-10","YouTube (ContentID)","QuanThaSav and MiloMadness","Broncos Country Anthem","QZMEQ2536230","199336188978","1","100","Song","ES","0.00000","0.001139801704",
"2025-11-26","2025-11-26","2025-10","YouTube (ContentID)","QuanThaSav and MiloMadness","Broncos Country Anthem","QZMEQ2536230","199336188978","14","100","Song","DE","0.00000","0.047604730683",
"2025-11-26","2025-11-26","2025-10","YouTube (ContentID)","QuanThaSav and MiloMadness","Broncos Country Anthem","QZMEQ2536230","199336188978","1","100","Song","CY","0.00000","0.000811228249",
"2025-11-26","2025-11-26","2025-10","YouTube (ContentID)","QuanThaSav and MiloMadness","Broncos Country Anthem","QZMEQ2536230","199336188978","6","100","Song","CA","0.00000","0.020817389563",
"2025-11-26","2025-11-26","2025-10","YouTube (ContentID)","QuanThaSav and MiloMadness","Broncos Country Anthem","QZMEQ2536230","199336188978","1","100","Song","CA","0.00000","0.000749595713",
"2025-11-26","2025-11-26","2025-10","YouTube (ContentID)","QuanThaSav and MiloMadness","Broncos Country Anthem","QZMEQ2536230","199336188978","24","100","Song","AU","0.00000","0.039569688960",
"2025-11-26","2025-11-26","2025-10","YouTube (ContentID)","QuanThaSav and MiloMadness","Broncos Country Anthem","QZMEQ2536230","199336188978","1","100","Song","AT","0.00000","0.000057230212",
"2025-11-26","2025-11-26","2025-10","YouTube (Red)","QuanThaSav and B.Scar","We CU","QZWFL2519015","199511232755","5","100","Song","US","0.00000","0.050304155205",
"2025-11-26","2025-11-26","2025-10","YouTube (Red)","QuanThaSav and B.Scar","We CU","QZWFL2519015","199511232755","1","100","Song","IN","0.00000","0.001657181889",
"2025-11-26","2025-11-26","2025-10","YouTube (Red)","QuanThaSav and MiloMadness","Broncos Country Anthem","QZMEQ2536230","199336188978","135","100","Song","US","0.00000","1.407766902784",
"2025-11-26","2025-11-26","2025-10","YouTube (Red)","QuanThaSav and MiloMadness","Broncos Country Anthem","QZMEQ2536230","199336188978","1","100","Song","GB","0.00000","0.011508016701",
"2025-11-26","2025-11-26","2025-10","YouTube (ContentID)","QuanThaSav and B.Scar","We CU","QZWFL2519015","199511232755","1","100","Song","US","0.00000","0.000273857754",
"2025-11-26","2025-11-26","2025-10","YouTube (ContentID)","QuanThaSav and B.Scar","We CU","QZWFL2519015","199511232755","1","100","Song","NG","0.00000","0.000005282396",
"2025-11-26","2025-11-26","2025-10","YouTube (ContentID)","QuanThaSav and MiloMadness","Broncos Country Anthem","QZMEQ2536230","199336188978","1","100","Song","US","0.00000","0.002738577529",
"2025-11-26","2025-11-26","2025-10","YouTube (ContentID)","QuanThaSav and MiloMadness","Broncos Country Anthem","QZMEQ2536230","199336188978","11","100","Song","US","0.00000","0.021286157410",
"2025-11-26","2025-11-26","2025-10","YouTube (ContentID)","QuanThaSav and MiloMadness","Broncos Country Anthem","QZMEQ2536230","199336188978","235","100","Song","US","0.00000","2.490188966081",
"2025-11-26","2025-11-26","2025-10","YouTube (ContentID)","QuanThaSav and MiloMadness","Broncos Country Anthem","QZMEQ2536230","199336188978","6","100","Song","PL","0.00000","0.031513976217",
"2025-11-26","2025-11-26","2025-10","YouTube (ContentID)","QuanThaSav and MiloMadness","Broncos Country Anthem","QZMEQ2536230","199336188978","5","100","Song","PH","0.00000","0.014747608222",
"2025-11-26","2025-11-26","2025-10","YouTube (ContentID)","QuanThaSav and MiloMadness","Broncos Country Anthem","QZMEQ2536230","199336188978","7","100","Song","MX","0.00000","0.011431026338",
"2025-11-26","2025-11-26","2025-10","YouTube (ContentID)","QuanThaSav and MiloMadness","Broncos Country Anthem","QZMEQ2536230","199336188978","1","100","Song","KR","0.00000","0.006593660395",
"2025-11-26","2025-11-26","2025-10","YouTube (ContentID)","QuanThaSav and MiloMadness","Broncos Country Anthem","QZMEQ2536230","199336188978","1","100","Song","GB","0.00000","0.020065061305",
"2025-11-26","2025-11-26","2025-10","YouTube (ContentID)","QuanThaSav and MiloMadness","Broncos Country Anthem","QZMEQ2536230","199336188978","1","100","Song","EC","0.00000","0.001962683941",
"2025-11-26","2025-11-26","2025-10","YouTube (ContentID)","QuanThaSav and MiloMadness","Broncos Country Anthem","QZMEQ2536230","199336188978","1","100","Song","DE","0.00000","0.016186960486",
"2025-11-26","2025-11-26","2025-10","YouTube (ContentID)","QuanThaSav and MiloMadness","Broncos Country Anthem","QZMEQ2536230","199336188978","1","100","Song","CA","0.00000","0.010670727225",
"2025-11-26","2025-11-26","2025-10","YouTube (ContentID)","QuanThaSav and MiloMadness","Broncos Country Anthem","QZMEQ2536230","199336188978","9","100","Song","AU","0.00000","0.101428748478",
"2025-11-24","2025-11-24","2025-09","Spotify","QuanThaSav and MiloMadness","Broncos Country Anthem","QZMEQ2536230","199336188978","8","100","Song","GB","0.00000","0.020108035904",
"2025-11-24","2025-11-24","2025-09","Spotify","QuanThaSav and MiloMadness","Broncos Country Anthem","QZMEQ2536230","199336188978","1159","100","Song","US","0.00000","4.608641488315",
"2025-11-24","2025-11-24","2025-09","Spotify","QuanThaSav and MiloMadness","Broncos Country Anthem","QZMEQ2536230","199336188978","13","100","Song","NG","0.00000","0.000390999871",
"2025-11-24","2025-11-24","2025-09","Spotify","QuanThaSav and MiloMadness","Broncos Country Anthem","QZMEQ2536230","199336188978","1","100","Song","KZ","0.00000","0.000004999998",
"2025-11-24","2025-11-24","2025-09","Spotify","QuanThaSav and MiloMadness","Broncos Country Anthem","QZMEQ2536230","199336188978","2","100","Song","KE","0.00000","0.000535999824",
"2025-11-24","2025-11-24","2025-09","Spotify","QuanThaSav and MiloMadness","Broncos Country Anthem","QZMEQ2536230","199336188978","1","100","Song","JM","0.00000","0.000003999998",
"2025-11-24","2025-11-24","2025-09","Spotify","QuanThaSav and MiloMadness","Broncos Country Anthem","QZMEQ2536230","199336188978","6","100","Song","IN","0.00000","0.000691999773",
"2025-11-24","2025-11-24","2025-09","Spotify","QuanThaSav and MiloMadness","Broncos Country Anthem","QZMEQ2536230","199336188978","2","100","Song","HN","0.00000","0.000105999965",
"2025-11-24","2025-11-24","2025-09","Spotify","QuanThaSav and MiloMadness","Broncos Country Anthem","QZMEQ2536230","199336188978","2","100","Song","GT","0.00000","0.000120999960",
"2025-11-24","2025-11-24","2025-09","Spotify","QuanThaSav and MiloMadness","Broncos Country Anthem","QZMEQ2536230","199336188978","2","100","Song","GH","0.00000","0.000010999996",
"2025-11-24","2025-11-24","2025-09","Spotify","QuanThaSav and MiloMadness","Broncos Country Anthem","QZMEQ2536230","199336188978","1","100","Song","EC","0.00000","0.000045999984",
"2025-11-24","2025-11-24","2025-09","Spotify","QuanThaSav and MiloMadness","Broncos Country Anthem","QZMEQ2536230","199336188978","2","100","Song","DO","0.00000","0.000253999916",
"2025-11-24","2025-11-24","2025-09","Spotify","QuanThaSav and MiloMadness","Broncos Country Anthem","QZMEQ2536230","199336188978","1","100","Song","CR","0.00000","0.000200999934",
"2025-11-24","2025-11-24","2025-09","Spotify","QuanThaSav and MiloMadness","Broncos Country Anthem","QZMEQ2536230","199336188978","1","100","Song","CD","0.00000","0.001813999404",
"2025-11-24","2025-11-24","2025-09","Spotify","QuanThaSav and MiloMadness","Broncos Country Anthem","QZMEQ2536230","199336188978","1","100","Song","BY","0.00000","0.002086999315",
"2025-11-24","2025-11-24","2025-09","Spotify","QuanThaSav and MiloMadness","Broncos Country Anthem","QZMEQ2536230","199336188978","16","100","Song","ZA","0.00000","0.001390045144",
"2025-11-24","2025-11-24","2025-09","Spotify","QuanThaSav and MiloMadness","Broncos Country Anthem","QZMEQ2536230","199336188978","1","100","Song","VN","0.00000","0.000012657695",
"2025-11-24","2025-11-24","2025-09","Spotify","QuanThaSav and MiloMadness","Broncos Country Anthem","QZMEQ2536230","199336188978","11","100","Song","TR","0.00000","0.003455550966",
"2025-11-24","2025-11-24","2025-09","Spotify","QuanThaSav and MiloMadness","Broncos Country Anthem","QZMEQ2536230","199336188978","4","100","Song","TH","0.00000","0.000131179756",
"2025-11-24","2025-11-24","2025-09","Spotify","QuanThaSav and MiloMadness","Broncos Country Anthem","QZMEQ2536230","199336188978","3","100","Song","SA","0.00000","0.000617925697",
"2025-11-24","2025-11-24","2025-09","Spotify","QuanThaSav and MiloMadness","Broncos Country Anthem","QZMEQ2536230","199336188978","1","100","Song","RO","0.00000","0.000403895567",
"2025-11-24","2025-11-24","2025-09","Spotify","QuanThaSav and MiloMadness","Broncos Country Anthem","QZMEQ2536230","199336188978","1","100","Song","PT","0.00000","0.000140385353",
"2025-11-24","2025-11-24","2025-09","Spotify","QuanThaSav and MiloMadness","Broncos Country Anthem","QZMEQ2536230","199336188978","42","100","Song","PH","0.00000","0.004323178481",
"2025-11-24","2025-11-24","2025-09","Spotify","QuanThaSav and MiloMadness","Broncos Country Anthem","QZMEQ2536230","199336188978","1","100","Song","PE","0.00000","0.000034520988",
"2025-11-24","2025-11-24","2025-09","Spotify","QuanThaSav and MiloMadness","Broncos Country Anthem","QZMEQ2536230","199336188978","1","100","Song","NZ","0.00000","0.000750256153",
"2025-11-24","2025-11-24","2025-09","Spotify","QuanThaSav and MiloMadness","Broncos Country Anthem","QZMEQ2536230","199336188978","1","100","Song","NL","0.00000","0.005588948066",
"2025-11-24","2025-11-24","2025-09","Spotify","QuanThaSav and MiloMadness","Broncos Country Anthem","QZMEQ2536230","199336188978","2","100","Song","MY","0.00000","0.000085151772",
"2025-11-24","2025-11-24","2025-09","Spotify","QuanThaSav and MiloMadness","Broncos Country Anthem","QZMEQ2536230","199336188978","42","100","Song","MX","0.00000","0.053558163232",
"2025-11-24","2025-11-24","2025-09","Spotify","QuanThaSav and MiloMadness","Broncos Country Anthem","QZMEQ2536230","199336188978","3","100","Song","IT","0.00000","0.007989307479",
"2025-11-24","2025-11-24","2025-09","Spotify","QuanThaSav and MiloMadness","Broncos Country Anthem","QZMEQ2536230","199336188978","2","100","Song","IS","0.00000","0.000001150699",
"2025-11-24","2025-11-24","2025-09","Spotify","QuanThaSav and MiloMadness","Broncos Country Anthem","QZMEQ2536230","199336188978","6","100","Song","ID","0.00000","0.000062137779",
"2025-11-24","2025-11-24","2025-09","Spotify","QuanThaSav and MiloMadness","Broncos Country Anthem","QZMEQ2536230","199336188978","5","100","Song","HU","0.00000","0.006412848996",
"2025-11-24","2025-11-24","2025-09","Spotify","QuanThaSav and MiloMadness","Broncos Country Anthem","QZMEQ2536230","199336188978","6","100","Song","HR","0.00000","0.012093853033",
"2025-11-24","2025-11-24","2025-09","Spotify","QuanThaSav and MiloMadness","Broncos Country Anthem","QZMEQ2536230","199336188978","2","100","Song","FR","0.00000","0.011839548416",
"2025-11-24","2025-11-24","2025-09","Spotify","QuanThaSav and MiloMadness","Broncos Country Anthem","QZMEQ2536230","199336188978","3","100","Song","ES","0.00000","0.001380839547",
"2025-11-24","2025-11-24","2025-09","Spotify","QuanThaSav and MiloMadness","Broncos Country Anthem","QZMEQ2536230","199336188978","1","100","Song","EE","0.00000","0.000081699673",
"2025-11-24","2025-11-24","2025-09","Spotify","QuanThaSav and MiloMadness","Broncos Country Anthem","QZMEQ2536230","199336188978","28","100","Song","DE","0.00000","0.129248883004",
"2025-11-24","2025-11-24","2025-09","Spotify","QuanThaSav and MiloMadness","Broncos Country Anthem","QZMEQ2536230","199336188978","1","100","Song","CO","0.00000","0.000041425186",
"2025-11-24","2025-11-24","2025-09","Spotify","QuanThaSav and MiloMadness","Broncos Country Anthem","QZMEQ2536230","199336188978","3","100","Song","CL","0.00000","0.006127475490",
"2025-11-24","2025-11-24","2025-09","Spotify","QuanThaSav and MiloMadness","Broncos Country Anthem","QZMEQ2536230","199336188978","33","100","Song","CA","0.00000","0.069185814806",
"2025-11-24","2025-11-24","2025-09","Spotify","QuanThaSav and MiloMadness","Broncos Country Anthem","QZMEQ2536230","199336188978","25","100","Song","BR","0.00000","0.048140669409",
"2025-11-24","2025-11-24","2025-09","Spotify","QuanThaSav and MiloMadness","Broncos Country Anthem","QZMEQ2536230","199336188978","1","100","Song","BG","0.00000","0.002635102135",
"2025-11-24","2025-11-24","2025-09","Spotify","QuanThaSav and MiloMadness","Broncos Country Anthem","QZMEQ2536230","199336188978","1","100","Song","BE","0.00000","0.000446471453",
"2025-11-24","2025-11-24","2025-09","Spotify","QuanThaSav and MiloMadness","Broncos Country Anthem","QZMEQ2536230","199336188978","23","100","Song","AU","0.00000","0.067740536080",
"2025-11-24","2025-11-24","2025-09","Spotify","QuanThaSav and MiloMadness","Broncos Country Anthem","QZMEQ2536230","199336188978","1","100","Song","AE","0.00000","0.000278469308",
"2025-11-18","2025-11-18","2025-09","Amazon Prime (Streaming)","QuanThaSav and MiloMadness","Broncos Country Anthem","QZMEQ2536230","199336188978","6","100","Song","US","0.00000","0.021307566322",
"2025-11-16","2025-11-16","2025-09","TikTok","QuanThaSav and B.Scar","We CU","QZWFL2519015","199511232755","2","100","Song","US","0.00000","0.001942881961",
"2025-11-16","2025-11-16","2025-09","TikTok","QuanThaSav and MiloMadness","Broncos Country Anthem","QZMEQ2536230","199336188978","137","100","Song","US","0.00000","0.125510176290",
"2025-11-16","2025-11-16","2025-09","TikTok","QuanThaSav and MiloMadness","Broncos Country Anthem","QZMEQ2536230","199336188978","1","100","Song","MX","0.00000","0.000777152784",
"2025-11-03","2025-11-03","2025-08","TikTok","QuanThaSav and B.Scar","We CU","QZWFL2519015","199511232755","9","100","Song","US","0.00000","0.007529224527",
"2025-11-03","2025-11-03","2025-08","TikTok","QuanThaSav and MiloMadness","Broncos Country Anthem","QZMEQ2536230","199336188978","59","100","Song","US","0.00000","0.051386957344",
"2025-11-03","2025-11-03","2025-08","Facebook","QuanThaSav and MiloMadness","Broncos Country Anthem","QZMEQ2536230","199336188978","127539","100","Song","US","0.00000","4.869771602067",
"2025-11-03","2025-11-03","2025-08","Facebook","QuanThaSav and MiloMadness","Broncos Country Anthem","QZMEQ2536230","199336188978","12633","100","Song","RU","0.00000","0.482360882936",
"2025-11-03","2025-11-03","2025-08","Facebook","QuanThaSav and MiloMadness","Broncos Country Anthem","QZMEQ2536230","199336188978","1716","100","Song","OU","0.00000","0.065521354781",
"2025-11-03","2025-11-03","2025-08","Facebook","QuanThaSav and MiloMadness","Broncos Country Anthem","QZMEQ2536230","199336188978","856","100","Song","MX","0.00000","0.032684312182",
"2025-11-03","2025-11-03","2025-08","Facebook","QuanThaSav and MiloMadness","Broncos Country Anthem","QZMEQ2536230","199336188978","255","100","Song","IN","0.00000","0.009736564960",
"2025-11-03","2025-11-03","2025-08","Facebook","QuanThaSav and MiloMadness","Broncos Country Anthem","QZMEQ2536230","199336188978","3176","100","Song","DE","0.00000","0.121267962020",
"2025-11-03","2025-11-03","2025-08","Facebook","QuanThaSav and MiloMadness","Broncos Country Anthem","QZMEQ2536230","199336188978","538","100","Song","CA","0.00000","0.020542242937",
"2025-11-03","2025-11-03","2025-08","Facebook","QuanThaSav and B.Scar","We CU","QZWFL2519015","199511232755","2","100","Song","US","0.00000","0.001949548236",
"2025-11-03","2025-11-03","2025-08","Facebook","QuanThaSav and MiloMadness","Broncos Country Anthem","QZMEQ2536230","199336188978","206","100","Song","US","0.00000","0.200803468377",
"2025-11-03","2025-11-03","2025-08","Facebook","QuanThaSav and MiloMadness","Broncos Country Anthem","QZMEQ2536230","199336188978","31","100","Song","OU","0.00000","0.030217997662",
"2025-11-03","2025-11-03","2025-07","Facebook","QuanThaSav and MiloMadness","Broncos Country Anthem","QZMEQ2536230","199336188978","38765","100","Song","US","0.00000","0.702019153391",
"2025-11-03","2025-11-03","2025-07","Facebook","QuanThaSav and MiloMadness","Broncos Country Anthem","QZMEQ2536230","199336188978","967","100","Song","OU","0.00000","0.017511995920",
"2025-11-03","2025-11-03","2025-07","Facebook","QuanThaSav and MiloMadness","Broncos Country Anthem","QZMEQ2536230","199336188978","9","100","Song","US","0.00000","0.005253062066",
"2025-11-03","2025-11-03","2025-07","Facebook","QuanThaSav and MiloMadness","Broncos Country Anthem","QZMEQ2536230","199336188978","12","100","Song","OU","0.00000","0.007004082755",
"2025-10-26","2025-10-26","2025-09","Apple Music","QuanThaSav and B.Scar","We CU","QZWFL2519015","199511232755","163","100","Song","US","0.00000","0.978606441965",
"2025-10-26","2025-10-26","2025-09","Apple Music","QuanThaSav and B.Scar","We CU","QZWFL2519015","199511232755","6","100","Song","UA","0.00000","0.023407756693",
"2025-10-26","2025-10-26","2025-09","Apple Music","QuanThaSav and MiloMadness","Broncos Country Anthem","QZMEQ2536230","199336188978","618","100","Song","US","0.00000","3.627894264390",
"2025-10-25","2025-10-25","2025-09","Apple Music","QuanThaSav and B.Scar","We CU","QZWFL2519015","199511232755","1","100","Song","SA","0.00000","0.008282228918",
"2025-10-25","2025-10-25","2025-09","Apple Music","QuanThaSav and MiloMadness","Broncos Country Anthem","QZMEQ2536230","199336188978","1","100","Song","SA","0.00000","0.008282228918",
"2025-10-25","2025-10-25","2025-09","Apple Music","QuanThaSav and B.Scar","We CU","QZWFL2519015","199511232755","4","100","Song","RU","0.00000","0.008796004474",
"2025-10-25","2025-10-25","2025-09","Apple Music","QuanThaSav and B.Scar","We CU","QZWFL2519015","199511232755","1","100","Song","PL","0.00000","0.004379988304",
"2025-10-25","2025-10-25","2025-09","Apple Music","QuanThaSav and B.Scar","We CU","QZWFL2519015","199511232755","1","100","Song","PH","0.00000","0.000922882975",
"2025-10-25","2025-10-25","2025-09","Apple Music","QuanThaSav and MiloMadness","Broncos Country Anthem","QZMEQ2536230","199336188978","18","100","Song","MX","0.00000","0.033021912287",
"2025-10-25","2025-10-25","2025-09","Apple Music","QuanThaSav and MiloMadness","Broncos Country Anthem","QZMEQ2536230","199336188978","1","100","Song","GB","0.00000","0.014074545769",
"2025-10-25","2025-10-25","2025-09","Apple Music","QuanThaSav and B.Scar","We CU","QZWFL2519015","199511232755","2","100","Song","PT","0.00000","0.015379068919",
"2025-10-25","2025-10-25","2025-09","Apple Music","QuanThaSav and B.Scar","We CU","QZWFL2519015","199511232755","1","100","Song","IT","0.00000","0.005632297940",
"2025-10-25","2025-10-25","2025-09","Apple Music","QuanThaSav and MiloMadness","Broncos Country Anthem","QZMEQ2536230","199336188978","1","100","Song","NL","0.00000","0.008645764147",
"2025-10-25","2025-10-25","2025-09","Apple Music","QuanThaSav and MiloMadness","Broncos Country Anthem","QZMEQ2536230","199336188978","1","100","Song","ES","0.00000","0.005053189362",
"2025-10-25","2025-10-25","2025-09","Apple Music","QuanThaSav and MiloMadness","Broncos Country Anthem","QZMEQ2536230","199336188978","3","100","Song","DE","0.00000","0.028528102792",
"2025-10-25","2025-10-25","2025-09","Apple Music","QuanThaSav and B.Scar","We CU","QZWFL2519015","199511232755","4","100","Song","CH","0.00000","0.032270552727",
"2025-10-25","2025-10-25","2025-09","iTunes Songs","QuanThaSav and B.Scar","We CU","QZWFL2519015","199511232755","1","100","Song","US","0.00000","0.490036776034",
"2025-10-25","2025-10-25","2025-09","iTunes Songs","QuanThaSav and MiloMadness","Broncos Country Anthem","QZMEQ2536230","199336188978","2","100","Song","US","0.00000","0.980073552068",
"2025-10-25","2025-10-25","2025-09","Apple Music","QuanThaSav and B.Scar","We CU","QZWFL2519015","199511232755","5","100","Song","CA","0.00000","0.025914748932",
"2025-10-25","2025-10-25","2025-09","Apple Music","QuanThaSav and MiloMadness","Broncos Country Anthem","QZMEQ2536230","199336188978","2","100","Song","CA","0.00000","0.006777058351",
"2025-10-25","2025-10-25","2025-09","Apple Music","QuanThaSav and B.Scar","We CU","QZWFL2519015","199511232755","2","100","Song","AU","0.00000","0.015454977312",
"2025-10-25","2025-10-25","2025-09","Apple Music","QuanThaSav and MiloMadness","Broncos Country Anthem","QZMEQ2536230","199336188978","1","100","Song","AU","0.00000","0.007727488656",
"2025-10-25","2025-10-25","2025-09","Apple Music","QuanThaSav and B.Scar","We CU","QZWFL2519015","199511232755","1","100","Song","JP","0.00000","0.002446285321",
"2025-10-24","2025-10-24","2025-09","YouTube (Ads)","QuanThaSav and B.Scar","We CU","QZWFL2519015","199511232755","6","100","Song","US","0.00000","0.028993827424",
"2025-10-24","2025-10-24","2025-09","YouTube (Ads)","QuanThaSav and MiloMadness","Broncos Country Anthem","QZMEQ2536230","199336188978","114","100","Song","US","0.00000","0.243055711181",
"2025-10-24","2025-10-24","2025-09","YouTube (ContentID)","QuanThaSav and B.Scar","We CU","QZWFL2519015","199511232755","2","100","Song","CH","0.00000","0.000229692906",
"2025-10-24","2025-10-24","2025-09","YouTube (ContentID)","QuanThaSav and MiloMadness","Broncos Country Anthem","QZMEQ2536230","199336188978","488","100","Song","US","0.00000","1.877126060006",
"2025-10-24","2025-10-24","2025-09","YouTube (ContentID)","QuanThaSav and MiloMadness","Broncos Country Anthem","QZMEQ2536230","199336188978","1","100","Song","TW","0.00000","0.001827539203",
"2025-10-24","2025-10-24","2025-09","YouTube (ContentID)","QuanThaSav and MiloMadness","Broncos Country Anthem","QZMEQ2536230","199336188978","1","100","Song","PR","0.00000","0.001697086437",
"2025-10-24","2025-10-24","2025-09","YouTube (ContentID)","QuanThaSav and MiloMadness","Broncos Country Anthem","QZMEQ2536230","199336188978","1","100","Song","PL","0.00000","0.000173270084",
"2025-10-24","2025-10-24","2025-09","YouTube (ContentID)","QuanThaSav and MiloMadness","Broncos Country Anthem","QZMEQ2536230","199336188978","1","100","Song","NZ","0.00000","0.000917170977",
"2025-10-24","2025-10-24","2025-09","YouTube (ContentID)","QuanThaSav and MiloMadness","Broncos Country Anthem","QZMEQ2536230","199336188978","4","100","Song","MX","0.00000","0.004250119088",
"2025-10-24","2025-10-24","2025-09","YouTube (ContentID)","QuanThaSav and MiloMadness","Broncos Country Anthem","QZMEQ2536230","199336188978","1","100","Song","JM","0.00000","0.000189276558",
"2025-10-24","2025-10-24","2025-09","YouTube (ContentID)","QuanThaSav and MiloMadness","Broncos Country Anthem","QZMEQ2536230","199336188978","3","100","Song","DE","0.00000","0.011058072769",
"2025-10-24","2025-10-24","2025-09","YouTube (ContentID)","QuanThaSav and MiloMadness","Broncos Country Anthem","QZMEQ2536230","199336188978","3","100","Song","CY","0.00000","0.001033618077",
"2025-10-24","2025-10-24","2025-09","YouTube (ContentID)","QuanThaSav and MiloMadness","Broncos Country Anthem","QZMEQ2536230","199336188978","6","100","Song","CA","0.00000","0.016064497768",
"2025-10-24","2025-10-24","2025-09","YouTube (ContentID)","QuanThaSav and MiloMadness","Broncos Country Anthem","QZMEQ2536230","199336188978","3","100","Song","BR","0.00000","0.003359358793",
"2025-10-24","2025-10-24","2025-09","YouTube (ContentID)","QuanThaSav and MiloMadness","Broncos Country Anthem","QZMEQ2536230","199336188978","9","100","Song","AU","0.00000","0.019961674098",
"2025-10-24","2025-10-24","2025-09","YouTube (Red) - Composition","QuanThaSav and MiloMadness","Broncos Country Anthem","QZMEQ2536230","199336188978","101","100","Song","US","0.00000","0.158777687732",
"2025-10-24","2025-10-24","2025-09","YouTube (Ads) - Composition","QuanThaSav and MiloMadness","Broncos Country Anthem","QZMEQ2536230","199336188978","488","100","Song","US","0.00000","0.563137818001",
"2025-10-24","2025-10-24","2025-09","YouTube (Ads) - Composition","QuanThaSav and MiloMadness","Broncos Country Anthem","QZMEQ2536230","199336188978","1","100","Song","PR","0.00000","0.000509125931",
"2025-10-24","2025-10-24","2025-09","YouTube (Red)","QuanThaSav and B.Scar","We CU","QZWFL2519015","199511232755","1","100","Song","US","0.00000","0.007400610210",
"2025-10-24","2025-10-24","2025-09","YouTube (Red)","QuanThaSav and MiloMadness","Broncos Country Anthem","QZMEQ2536230","199336188978","147","100","Song","US","0.00000","1.364700695938",
"2025-10-24","2025-10-24","2025-09","YouTube (Red)","QuanThaSav and MiloMadness","Broncos Country Anthem","QZMEQ2536230","199336188978","1","100","Song","MX","0.00000","0.002134082264",
"2025-10-24","2025-10-24","2025-09","YouTube (ContentID)","QuanThaSav and B.Scar","We CU","QZWFL2519015","199511232755","1","100","Song","US","0.00000","0.000704670862",
"2025-10-24","2025-10-24","2025-09","YouTube (ContentID)","QuanThaSav and B.Scar","We CU","QZWFL2519015","199511232755","1","100","Song","US","0.00000","0.001907399883",
"2025-10-24","2025-10-24","2025-09","YouTube (ContentID)","QuanThaSav and B.Scar","We CU","QZWFL2519015","199511232755","1","100","Song","TR","0.00000","0.000268620809",
"2025-10-24","2025-10-24","2025-09","YouTube (ContentID)","QuanThaSav and B.Scar","We CU","QZWFL2519015","199511232755","1","100","Song","RO","0.00000","0.001886090056",
"2025-10-24","2025-10-24","2025-09","YouTube (ContentID)","QuanThaSav and MiloMadness","Broncos Country Anthem","QZMEQ2536230","199336188978","59","100","Song","US","0.00000","0.706166299344",
"2025-10-24","2025-10-24","2025-09","YouTube (ContentID)","QuanThaSav and MiloMadness","Broncos Country Anthem","QZMEQ2536230","199336188978","1","100","Song","MX","0.00000","0.002673150949",
"2025-10-24","2025-10-24","2025-09","YouTube (ContentID)","QuanThaSav and MiloMadness","Broncos Country Anthem","QZMEQ2536230","199336188978","1","100","Song","GB","0.00000","0.009380375350",
"2025-10-24","2025-10-24","2025-09","YouTube (ContentID)","QuanThaSav and MiloMadness","Broncos Country Anthem","QZMEQ2536230","199336188978","1","100","Song","BR","0.00000","0.002081230668",
"2025-10-24","2025-10-24","2025-08","Spotify","QuanThaSav and MiloMadness","Broncos Country Anthem","QZMEQ2536230","199336188978","13","100","Song","GB","0.00000","0.040227880657",
"2025-10-24","2025-10-24","2025-08","Spotify","QuanThaSav and MiloMadness","Broncos Country Anthem","QZMEQ2536230","199336188978","1117","100","Song","US","0.00000","4.277719145252",
"2025-10-24","2025-10-24","2025-08","Spotify","QuanThaSav and MiloMadness","Broncos Country Anthem","QZMEQ2536230","199336188978","2","100","Song","UG","0.00000","0.000139999939",
"2025-10-24","2025-10-24","2025-08","Spotify","QuanThaSav and MiloMadness","Broncos Country Anthem","QZMEQ2536230","199336188978","1","100","Song","UA","0.00000","0.001980999141",
"2025-10-24","2025-10-24","2025-08","Spotify","QuanThaSav and MiloMadness","Broncos Country Anthem","QZMEQ2536230","199336188978","1","100","Song","TT","0.00000","0.000008999996",
"2025-10-24","2025-10-24","2025-08","Spotify","QuanThaSav and MiloMadness","Broncos Country Anthem","QZMEQ2536230","199336188978","4","100","Song","QA","0.00000","0.000051999977",
"2025-10-24","2025-10-24","2025-08","Spotify","QuanThaSav and MiloMadness","Broncos Country Anthem","QZMEQ2536230","199336188978","15","100","Song","NG","0.00000","0.000002999998",
"2025-10-24","2025-10-24","2025-08","Spotify","QuanThaSav and MiloMadness","Broncos Country Anthem","QZMEQ2536230","199336188978","1","100","Song","KE","0.00000","0.000031999986",
"2025-10-24","2025-10-24","2025-08","Spotify","QuanThaSav and MiloMadness","Broncos Country Anthem","QZMEQ2536230","199336188978","9","100","Song","IN","0.00000","0.001284999442",
"2025-10-24","2025-10-24","2025-08","Spotify","QuanThaSav and MiloMadness","Broncos Country Anthem","QZMEQ2536230","199336188978","1","100","Song","HN","0.00000","0.000046999979",
"2025-10-24","2025-10-24","2025-08","Spotify","QuanThaSav and MiloMadness","Broncos Country Anthem","QZMEQ2536230","199336188978","1","100","Song","GT","0.00000","0.000044999980",
"2025-10-24","2025-10-24","2025-08","Spotify","QuanThaSav and MiloMadness","Broncos Country Anthem","QZMEQ2536230","199336188978","2","100","Song","GH","0.00000","0.000017999992",
"2025-10-24","2025-10-24","2025-08","Spotify","QuanThaSav and MiloMadness","Broncos Country Anthem","QZMEQ2536230","199336188978","3","100","Song","EG","0.00000","0.001751999240",
"2025-10-24","2025-10-24","2025-08","Spotify","QuanThaSav and MiloMadness","Broncos Country Anthem","QZMEQ2536230","199336188978","2","100","Song","CR","0.00000","0.004479998057",
"2025-10-24","2025-10-24","2025-08","Spotify","QuanThaSav and MiloMadness","Broncos Country Anthem","QZMEQ2536230","199336188978","4","100","Song","CD","0.00000","0.006634997123",
"2025-10-24","2025-10-24","2025-08","Spotify","QuanThaSav and MiloMadness","Broncos Country Anthem","QZMEQ2536230","199336188978","1","100","Song","BO","0.00000","0.000005999997",
"2025-10-24","2025-10-24","2025-08","Spotify","QuanThaSav and MiloMadness","Broncos Country Anthem","QZMEQ2536230","199336188978","18","100","Song","ZA","0.00000","0.001896299977",
"2025-10-24","2025-10-24","2025-08","Spotify","QuanThaSav and MiloMadness","Broncos Country Anthem","QZMEQ2536230","199336188978","7","100","Song","TR","0.00000","0.000245580693",
"2025-10-24","2025-10-24","2025-08","Spotify","QuanThaSav and MiloMadness","Broncos Country Anthem","QZMEQ2536230","199336188978","1","100","Song","TH","0.00000","0.000018534391",
"2025-10-24","2025-10-24","2025-08","Spotify","QuanThaSav and MiloMadness","Broncos Country Anthem","QZMEQ2536230","199336188978","1","100","Song","SG","0.00000","0.000206195110",
"2025-10-24","2025-10-24","2025-08","Spotify","QuanThaSav and MiloMadness","Broncos Country Anthem","QZMEQ2536230","199336188978","4","100","Song","PL","0.00000","0.010427912278",
"2025-10-24","2025-10-24","2025-08","Spotify","QuanThaSav and MiloMadness","Broncos Country Anthem","QZMEQ2536230","199336188978","11","100","Song","PH","0.00000","0.000479577392",
"2025-10-24","2025-10-24","2025-08","Spotify","QuanThaSav and MiloMadness","Broncos Country Anthem","QZMEQ2536230","199336188978","1","100","Song","PE","0.00000","0.001141023505",
"2025-10-24","2025-10-24","2025-08","Spotify","QuanThaSav and MiloMadness","Broncos Country Anthem","QZMEQ2536230","199336188978","1","100","Song","NO","0.00000","0.003229617799",
"2025-10-24","2025-10-24","2025-08","Spotify","QuanThaSav and MiloMadness","Broncos Country Anthem","QZMEQ2536230","199336188978","4","100","Song","NL","0.00000","0.017006463026",
"2025-10-24","2025-10-24","2025-08","Spotify","QuanThaSav and MiloMadness","Broncos Country Anthem","QZMEQ2536230","199336188978","2","100","Song","MY","0.00000","0.000039385582",
"2025-10-24","2025-10-24","2025-08","Spotify","QuanThaSav and MiloMadness","Broncos Country Anthem","QZMEQ2536230","199336188978","102","100","Song","MX","0.00000","0.102521830748",
"2025-10-24","2025-10-24","2025-08","Spotify","QuanThaSav and MiloMadness","Broncos Country Anthem","QZMEQ2536230","199336188978","3","100","Song","JP","0.00000","0.004619697196",
"2025-10-24","2025-10-24","2025-08","Spotify","QuanThaSav and MiloMadness","Broncos Country Anthem","QZMEQ2536230","199336188978","3","100","Song","IT","0.00000","0.001714431256",
"2025-10-24","2025-10-24","2025-08","Spotify","QuanThaSav and MiloMadness","Broncos Country Anthem","QZMEQ2536230","199336188978","3","100","Song","IS","0.00000","0.000004633597",
"2025-10-24","2025-10-24","2025-08","Spotify","QuanThaSav and MiloMadness","Broncos Country Anthem","QZMEQ2536230","199336188978","1","100","Song","IL","0.00000","0.000196927914",
"2025-10-24","2025-10-24","2025-08","Spotify","QuanThaSav and MiloMadness","Broncos Country Anthem","QZMEQ2536230","199336188978","1","100","Song","IE","0.00000","0.002138405472",
"2025-10-24","2025-10-24","2025-08","Spotify","QuanThaSav and MiloMadness","Broncos Country Anthem","QZMEQ2536230","199336188978","11","100","Song","ID","0.00000","0.000132057542",
"2025-10-24","2025-10-24","2025-08","Spotify","QuanThaSav and MiloMadness","Broncos Country Anthem","QZMEQ2536230","199336188978","4","100","Song","HU","0.00000","0.005984291805",
"2025-10-24","2025-10-24","2025-08","Spotify","QuanThaSav and MiloMadness","Broncos Country Anthem","QZMEQ2536230","199336188978","6","100","Song","HR","0.00000","0.000315084663",
"2025-10-24","2025-10-24","2025-08","Spotify","QuanThaSav and MiloMadness","Broncos Country Anthem","QZMEQ2536230","199336188978","11","100","Song","FR","0.00000","0.034926903256",
"2025-10-24","2025-10-24","2025-08","Spotify","QuanThaSav and MiloMadness","Broncos Country Anthem","QZMEQ2536230","199336188978","1","100","Song","FI","0.00000","0.003721937586",
"2025-10-24","2025-10-24","2025-08","Spotify","QuanThaSav and MiloMadness","Broncos Country Anthem","QZMEQ2536230","199336188978","3","100","Song","ES","0.00000","0.002916849935",
"2025-10-24","2025-10-24","2025-08","Spotify","QuanThaSav and MiloMadness","Broncos Country Anthem","QZMEQ2536230","199336188978","3","100","Song","DK","0.00000","0.015295506968",
"2025-10-24","2025-10-24","2025-08","Spotify","QuanThaSav and MiloMadness","Broncos Country Anthem","QZMEQ2536230","199336188978","23","100","Song","DE","0.00000","0.105644875794",
"2025-10-24","2025-10-24","2025-08","Spotify","QuanThaSav and MiloMadness","Broncos Country Anthem","QZMEQ2536230","199336188978","1","100","Song","CO","0.00000","0.000042860781",
"2025-10-24","2025-10-24","2025-08","Spotify","QuanThaSav and MiloMadness","Broncos Country Anthem","QZMEQ2536230","199336188978","42","100","Song","CA","0.00000","0.095614294543",
"2025-10-24","2025-10-24","2025-08","Spotify","QuanThaSav and MiloMadness","Broncos Country Anthem","QZMEQ2536230","199336188978","18","100","Song","BR","0.00000","0.009528994268",
"2025-10-24","2025-10-24","2025-08","Spotify","QuanThaSav and MiloMadness","Broncos Country Anthem","QZMEQ2536230","199336188978","1","100","Song","BG","0.00000","0.000177235123",
"2025-10-24","2025-10-24","2025-08","Spotify","QuanThaSav and MiloMadness","Broncos Country Anthem","QZMEQ2536230","199336188978","3","100","Song","BE","0.00000","0.001069202736",
"2025-10-24","2025-10-24","2025-08","Spotify","QuanThaSav and MiloMadness","Broncos Country Anthem","QZMEQ2536230","199336188978","10","100","Song","AU","0.00000","0.034092855617",
"2025-10-15","2025-10-15","2025-08","Amazon Prime (Streaming)","QuanThaSav and MiloMadness","Broncos Country Anthem","QZMEQ2536230","199336188978","3","100","Song","US","0.00000","0.012790984594",
"2025-10-09","2025-10-09","2025-08","Pandora","QuanThaSav and MiloMadness","Broncos Country Anthem","QZMEQ2536230","199336188978","15","100","Song","US","0.00000","0.080337788773",
"2025-10-09","2025-10-09","2025-04","LyricFind","QuanThaSav and MiloMadness","Broncos Country Anthem","QZMEQ2536230","199336188978","12","100","Song","US","0.00000","0.003909744490",
"2025-10-09","2025-10-09","2025-04","LyricFind","QuanThaSav and MiloMadness","Broncos Country Anthem","QZMEQ2536230","199336188978","3","100","Song","MX","0.00000","0.000930000354",
"2025-09-26","2025-09-26","2025-08","YouTube (Ads)","QuanThaSav and B.Scar","We CU","QZWFL2519015","199511232755","31","100","Song","US","0.00000","0.094773308995",
"2025-09-26","2025-09-26","2025-08","YouTube (Ads)","QuanThaSav and MiloMadness","Broncos Country Anthem","QZMEQ2536230","199336188978","29","100","Song","US","0.00000","0.060242842987",
"2025-09-26","2025-09-26","2025-08","YouTube (Ads)","QuanThaSav and MiloMadness","Broncos Country Anthem","QZMEQ2536230","199336188978","2","100","Song","MX","0.00000","0.002012876069",
"2025-09-26","2025-09-26","2025-08","YouTube (Ads)","QuanThaSav and MiloMadness","Broncos Country Anthem","QZMEQ2536230","199336188978","1","100","Song","DE","0.00000","0.000605281449",
"2025-09-26","2025-09-26","2025-08","YouTube (ContentID)","QuanThaSav and B.Scar","We CU","QZWFL2519015","199511232755","2","100","Song","US","0.00000","0.000897113576",
"2025-09-26","2025-09-26","2025-08","YouTube (ContentID)","QuanThaSav and B.Scar","We CU","QZWFL2519015","199511232755","1","100","Song","NL","0.00000","0.000114090749",
"2025-09-26","2025-09-26","2025-08","YouTube (ContentID)","QuanThaSav and B.Scar","We CU","QZWFL2519015","199511232755","1","100","Song","GB","0.00000","0.000217773219",
"2025-09-26","2025-09-26","2025-08","YouTube (Red)","QuanThaSav and B.Scar","We CU","QZWFL2519015","199511232755","8","100","Song","US","0.00000","0.067206292230",
"2025-09-26","2025-09-26","2025-08","YouTube (Red)","QuanThaSav and MiloMadness","Broncos Country Anthem","QZMEQ2536230","199336188978","146","100","Song","US","0.00000","1.359516735744",
"2025-09-26","2025-09-26","2025-08","YouTube (Red)","QuanThaSav and MiloMadness","Broncos Country Anthem","QZMEQ2536230","199336188978","1","100","Song","UA","0.00000","0.002271298835",
"2025-09-26","2025-09-26","2025-08","YouTube (Red)","QuanThaSav and MiloMadness","Broncos Country Anthem","QZMEQ2536230","199336188978","2","100","Song","MX","0.00000","0.004080927309",
"2025-09-26","2025-09-26","2025-08","YouTube (Red)","QuanThaSav and MiloMadness","Broncos Country Anthem","QZMEQ2536230","199336188978","1","100","Song","CZ","0.00000","0.004846600337",
"2025-09-26","2025-09-26","2025-08","YouTube (ContentID)","QuanThaSav and B.Scar","We CU","QZWFL2519015","199511232755","16","100","Song","RU","0.00000","0.003899562463",
"2025-09-25","2025-09-25","2025-07","Spotify","QuanThaSav and MiloMadness","Broncos Country Anthem","QZMEQ2536230","199336188978","18","100","Song","GB","0.00000","0.047965000019",
"2025-09-25","2025-09-25","2025-07","Spotify","QuanThaSav and MiloMadness","Broncos Country Anthem","QZMEQ2536230","199336188978","2","100","Song","ZM","0.00000","0.000920999558",
"2025-09-25","2025-09-25","2025-07","Spotify","QuanThaSav and MiloMadness","Broncos Country Anthem","QZMEQ2536230","199336188978","1","100","Song","UZ","0.00000","0.000043999978",
"2025-09-25","2025-09-25","2025-07","Spotify","QuanThaSav and MiloMadness","Broncos Country Anthem","QZMEQ2536230","199336188978","1","100","Song","UY","0.00000","0.002998998563",
"2025-09-25","2025-09-25","2025-07","Spotify","QuanThaSav and MiloMadness","Broncos Country Anthem","QZMEQ2536230","199336188978","801","100","Song","US","0.00000","3.240184447628",
"2025-09-25","2025-09-25","2025-07","Spotify","QuanThaSav and MiloMadness","Broncos Country Anthem","QZMEQ2536230","199336188978","4","100","Song","UA","0.00000","0.002028999027",
"2025-09-25","2025-09-25","2025-07","Spotify","QuanThaSav and MiloMadness","Broncos Country Anthem","QZMEQ2536230","199336188978","1","100","Song","TZ","0.00000","0.001046999498",
"2025-09-25","2025-09-25","2025-07","Spotify","QuanThaSav and MiloMadness","Broncos Country Anthem","QZMEQ2536230","199336188978","2","100","Song","PY","0.00000","0.000042999979",
"2025-09-25","2025-09-25","2025-07","Spotify","QuanThaSav and MiloMadness","Broncos Country Anthem","QZMEQ2536230","199336188978","1","100","Song","PA","0.00000","0.000078999962",
"2025-09-25","2025-09-25","2025-07","Spotify","QuanThaSav and MiloMadness","Broncos Country Anthem","QZMEQ2536230","199336188978","1","100","Song","NG","0.00000","0.000323999844",
"2025-09-25","2025-09-25","2025-07","Spotify","QuanThaSav and MiloMadness","Broncos Country Anthem","QZMEQ2536230","199336188978","1","100","Song","MO","0.00000","0.003574998287",
"2025-09-25","2025-09-25","2025-07","Spotify","QuanThaSav and MiloMadness","Broncos Country Anthem","QZMEQ2536230","199336188978","2","100","Song","MA","0.00000","0.000136999934",
"2025-09-25","2025-09-25","2025-07","Spotify","QuanThaSav and MiloMadness","Broncos Country Anthem","QZMEQ2536230","199336188978","1","100","Song","KE","0.00000","0.000021999989",
"2025-09-25","2025-09-25","2025-07","Spotify","QuanThaSav and MiloMadness","Broncos Country Anthem","QZMEQ2536230","199336188978","1","100","Song","JO","0.00000","0.000001999999",
"2025-09-25","2025-09-25","2025-07","Spotify","QuanThaSav and MiloMadness","Broncos Country Anthem","QZMEQ2536230","199336188978","1","100","Song","JM","0.00000","0.000032999984",
"2025-09-25","2025-09-25","2025-07","Spotify","QuanThaSav and MiloMadness","Broncos Country Anthem","QZMEQ2536230","199336188978","16","100","Song","IN","0.00000","0.001000999520",
"2025-09-25","2025-09-25","2025-07","Spotify","QuanThaSav and MiloMadness","Broncos Country Anthem","QZMEQ2536230","199336188978","2","100","Song","GT","0.00000","0.000076999963",
"2025-09-25","2025-09-25","2025-07","Spotify","QuanThaSav and MiloMadness","Broncos Country Anthem","QZMEQ2536230","199336188978","1","100","Song","EC","0.00000","0.000029999985",
"2025-09-25","2025-09-25","2025-07","Spotify","QuanThaSav and MiloMadness","Broncos Country Anthem","QZMEQ2536230","199336188978","1","100","Song","DZ","0.00000","0.000009999995",
"2025-09-25","2025-09-25","2025-07","Spotify","QuanThaSav and MiloMadness","Broncos Country Anthem","QZMEQ2536230","199336188978","1","100","Song","BN","0.00000","0.001291999381",
"2025-09-25","2025-09-25","2025-07","Spotify","QuanThaSav and MiloMadness","Broncos Country Anthem","QZMEQ2536230","199336188978","78","100","Song","ZA","0.00000","0.008755635005",
"2025-09-25","2025-09-25","2025-07","Spotify","QuanThaSav and MiloMadness","Broncos Country Anthem","QZMEQ2536230","199336188978","5","100","Song","VN","0.00000","0.001414897422",
"2025-09-25","2025-09-25","2025-07","Spotify","QuanThaSav and MiloMadness","Broncos Country Anthem","QZMEQ2536230","199336188978","2","100","Song","TW","0.00000","0.001211086219",
"2025-09-25","2025-09-25","2025-07","Spotify","QuanThaSav and MiloMadness","Broncos Country Anthem","QZMEQ2536230","199336188978","7","100","Song","TR","0.00000","0.002225429833",
"2025-09-25","2025-09-25","2025-07","Spotify","QuanThaSav and MiloMadness","Broncos Country Anthem","QZMEQ2536230","199336188978","20","100","Song","TH","0.00000","0.004466174960",
"2025-09-25","2025-09-25","2025-07","Spotify","QuanThaSav and MiloMadness","Broncos Country Anthem","QZMEQ2536230","199336188978","1","100","Song","SK","0.00000","0.003791123983",
"2025-09-25","2025-09-25","2025-07","Spotify","QuanThaSav and MiloMadness","Broncos Country Anthem","QZMEQ2536230","199336188978","1","100","Song","SG","0.00000","0.003601449974",
"2025-09-25","2025-09-25","2025-07","Spotify","QuanThaSav and MiloMadness","Broncos Country Anthem","QZMEQ2536230","199336188978","7","100","Song","SE","0.00000","0.015044329792",
"2025-09-25","2025-09-25","2025-07","Spotify","QuanThaSav and MiloMadness","Broncos Country Anthem","QZMEQ2536230","199336188978","3","100","Song","RO","0.00000","0.004163403405",
"2025-09-25","2025-09-25","2025-07","Spotify","QuanThaSav and MiloMadness","Broncos Country Anthem","QZMEQ2536230","199336188978","2","100","Song","PT","0.00000","0.000262716174",
"2025-09-25","2025-09-25","2025-07","Spotify","QuanThaSav and MiloMadness","Broncos Country Anthem","QZMEQ2536230","199336188978","10","100","Song","PL","0.00000","0.010771363139",
"2025-09-25","2025-09-25","2025-07","Spotify","QuanThaSav and MiloMadness","Broncos Country Anthem","QZMEQ2536230","199336188978","8","100","Song","PH","0.00000","0.000254469478",
"2025-09-25","2025-09-25","2025-07","Spotify","QuanThaSav and MiloMadness","Broncos Country Anthem","QZMEQ2536230","199336188978","4","100","Song","NZ","0.00000","0.005836304603",
"2025-09-25","2025-09-25","2025-07","Spotify","QuanThaSav and MiloMadness","Broncos Country Anthem","QZMEQ2536230","199336188978","3","100","Song","NO","0.00000","0.014159577116",
"2025-09-25","2025-09-25","2025-07","Spotify","QuanThaSav and MiloMadness","Broncos Country Anthem","QZMEQ2536230","199336188978","1","100","Song","NL","0.00000","0.003222101956",
"2025-09-25","2025-09-25","2025-07","Spotify","QuanThaSav and MiloMadness","Broncos Country Anthem","QZMEQ2536230","199336188978","2","100","Song","MY","0.00000","0.001255853998",
"2025-09-25","2025-09-25","2025-07","Spotify","QuanThaSav and MiloMadness","Broncos Country Anthem","QZMEQ2536230","199336188978","10","100","Song","MX","0.00000","0.009344684722",
"2025-09-25","2025-09-25","2025-07","Spotify","QuanThaSav and MiloMadness","Broncos Country Anthem","QZMEQ2536230","199336188978","1","100","Song","MT","0.00000","0.001962713659",
"2025-09-25","2025-09-25","2025-07","Spotify","QuanThaSav and MiloMadness","Broncos Country Anthem","QZMEQ2536230","199336188978","3","100","Song","LV","0.00000","0.004883222160",
"2025-09-25","2025-09-25","2025-07","Spotify","QuanThaSav and MiloMadness","Broncos Country Anthem","QZMEQ2536230","199336188978","1","100","Song","LT","0.00000","0.002459871621",
"2025-09-25","2025-09-25","2025-07","Spotify","QuanThaSav and MiloMadness","Broncos Country Anthem","QZMEQ2536230","199336188978","2","100","Song","JP","0.00000","0.003564928892",
"2025-09-25","2025-09-25","2025-07","Spotify","QuanThaSav and MiloMadness","Broncos Country Anthem","QZMEQ2536230","199336188978","6","100","Song","IT","0.00000","0.006201515428",
"2025-09-25","2025-09-25","2025-07","Spotify","QuanThaSav and MiloMadness","Broncos Country Anthem","QZMEQ2536230","199336188978","2","100","Song","IL","0.00000","0.007771921976",
"2025-09-25","2025-09-25","2025-07","Spotify","QuanThaSav and MiloMadness","Broncos Country Anthem","QZMEQ2536230","199336188978","1","100","Song","IE","0.00000","0.000546638138",
"2025-09-25","2025-09-25","2025-07","Spotify","QuanThaSav and MiloMadness","Broncos Country Anthem","QZMEQ2536230","199336188978","11","100","Song","ID","0.00000","0.000997850221",
"2025-09-25","2025-09-25","2025-07","Spotify","QuanThaSav and MiloMadness","Broncos Country Anthem","QZMEQ2536230","199336188978","4","100","Song","HU","0.00000","0.007029719332",
"2025-09-25","2025-09-25","2025-07","Spotify","QuanThaSav and MiloMadness","Broncos Country Anthem","QZMEQ2536230","199336188978","1","100","Song","HR","0.00000","0.000068329767",
"2025-09-25","2025-09-25","2025-07","Spotify","QuanThaSav and MiloMadness","Broncos Country Anthem","QZMEQ2536230","199336188978","2","100","Song","GR","0.00000","0.003103113913",
"2025-09-25","2025-09-25","2025-07","Spotify","QuanThaSav and MiloMadness","Broncos Country Anthem","QZMEQ2536230","199336188978","8","100","Song","FR","0.00000","0.031240840832",
"2025-09-25","2025-09-25","2025-07","Spotify","QuanThaSav and MiloMadness","Broncos Country Anthem","QZMEQ2536230","199336188978","3","100","Song","FI","0.00000","0.015396581523",
"2025-09-25","2025-09-25","2025-07","Spotify","QuanThaSav and MiloMadness","Broncos Country Anthem","QZMEQ2536230","199336188978","4","100","Song","ES","0.00000","0.003693341730",
"2025-09-25","2025-09-25","2025-07","Spotify","QuanThaSav and MiloMadness","Broncos Country Anthem","QZMEQ2536230","199336188978","1","100","Song","EE","0.00000","0.000067151667",
"2025-09-25","2025-09-25","2025-07","Spotify","QuanThaSav and MiloMadness","Broncos Country Anthem","QZMEQ2536230","199336188978","2","100","Song","DK","0.00000","0.008472891140",
"2025-09-25","2025-09-25","2025-07","Spotify","QuanThaSav and MiloMadness","Broncos Country Anthem","QZMEQ2536230","199336188978","12","100","Song","DE","0.00000","0.047094524937",
"2025-09-25","2025-09-25","2025-07","Spotify","QuanThaSav and MiloMadness","Broncos Country Anthem","QZMEQ2536230","199336188978","2","100","Song","CZ","0.00000","0.004479134054",
"2025-09-25","2025-09-25","2025-07","Spotify","QuanThaSav and MiloMadness","Broncos Country Anthem","QZMEQ2536230","199336188978","1","100","Song","CO","0.00000","0.000036521082",
"2025-09-25","2025-09-25","2025-07","Spotify","QuanThaSav and MiloMadness","Broncos Country Anthem","QZMEQ2536230","199336188978","1","100","Song","CL","0.00000","0.000089535557",
"2025-09-25","2025-09-25","2025-07","Spotify","QuanThaSav and MiloMadness","Broncos Country Anthem","QZMEQ2536230","199336188978","4","100","Song","CH","0.00000","0.005590081821",
"2025-09-25","2025-09-25","2025-07","Spotify","QuanThaSav and MiloMadness","Broncos Country Anthem","QZMEQ2536230","199336188978","42","100","Song","CA","0.00000","0.085014011469",
"2025-09-25","2025-09-25","2025-07","Spotify","QuanThaSav and MiloMadness","Broncos Country Anthem","QZMEQ2536230","199336188978","18","100","Song","BR","0.00000","0.014455280074",
"2025-09-25","2025-09-25","2025-07","Spotify","QuanThaSav and MiloMadness","Broncos Country Anthem","QZMEQ2536230","199336188978","2","100","Song","BE","0.00000","0.006709276285",
"2025-09-25","2025-09-25","2025-07","Spotify","QuanThaSav and MiloMadness","Broncos Country Anthem","QZMEQ2536230","199336188978","19","100","Song","AU","0.00000","0.052644551378",
"2025-09-24","2025-09-24","2025-08","iTunes Match","QuanThaSav and MiloMadness","Broncos Country Anthem","QZMEQ2536230","199336188978","2","100","Song","US","0.00000","0.001654000985",
"2025-09-24","2025-09-24","2025-08","iTunes Songs","QuanThaSav and MiloMadness","Broncos Country Anthem","QZMEQ2536230","199336188978","3","100","Song","US","0.00000","1.470085959693",
"2025-09-23","2025-09-23","2025-08","Apple Music","QuanThaSav and B.Scar","We CU","QZWFL2519015","199511232755","167","100","Song","US","0.00000","1.054346650350",
"2025-09-23","2025-09-23","2025-08","Apple Music","QuanThaSav and MiloMadness","Broncos Country Anthem","QZMEQ2536230","199336188978","600","100","Song","US","0.00000","3.572897916498",
"2025-09-23","2025-09-23","2025-08","Apple Music","QuanThaSav and B.Scar","We CU","QZWFL2519015","199511232755","2","100","Song","SE","0.00000","0.029253974286",
"2025-09-23","2025-09-23","2025-08","Apple Music","QuanThaSav and B.Scar","We CU","QZWFL2519015","199511232755","3","100","Song","RU","0.00000","0.007163482057",
"2025-09-23","2025-09-23","2025-08","Apple Music","QuanThaSav and MiloMadness","Broncos Country Anthem","QZMEQ2536230","199336188978","1","100","Song","RU","0.00000","0.002822010473",
"2025-09-23","2025-09-23","2025-08","Apple Music","QuanThaSav and B.Scar","We CU","QZWFL2519015","199511232755","1","100","Song","PL","0.00000","0.005439832029",
"2025-09-23","2025-09-23","2025-08","Apple Music","QuanThaSav and B.Scar","We CU","QZWFL2519015","199511232755","1","100","Song","NO","0.00000","0.016090712441",
"2025-09-23","2025-09-23","2025-08","Apple Music","QuanThaSav and B.Scar","We CU","QZWFL2519015","199511232755","2","100","Song","MX","0.00000","0.005774680125",
"2025-09-23","2025-09-23","2025-08","Apple Music","QuanThaSav and MiloMadness","Broncos Country Anthem","QZMEQ2536230","199336188978","10","100","Song","MX","0.00000","0.029166532981",
"2025-09-23","2025-09-23","2025-08","Apple Music","QuanThaSav and B.Scar","We CU","QZWFL2519015","199511232755","2","100","Song","KR","0.00000","0.010577487238",
"2025-09-23","2025-09-23","2025-08","Apple Music","QuanThaSav and B.Scar","We CU","QZWFL2519015","199511232755","1","100","Song","IN","0.00000","0.001364366525",
"2025-09-23","2025-09-23","2025-08","Apple Music","QuanThaSav and B.Scar","We CU","QZWFL2519015","199511232755","1","100","Song","HU","0.00000","0.003162707293",
"2025-09-23","2025-09-23","2025-08","Apple Music","QuanThaSav and B.Scar","We CU","QZWFL2519015","199511232755","2","100","Song","GB","0.00000","0.020496473952",
"2025-09-23","2025-09-23","2025-08","Apple Music","QuanThaSav and MiloMadness","Broncos Country Anthem","QZMEQ2536230","199336188978","2","100","Song","GB","0.00000","0.028054759349",
"2025-09-23","2025-09-23","2025-08","Apple Music","QuanThaSav and B.Scar","We CU","QZWFL2519015","199511232755","1","100","Song","IT","0.00000","0.028902597140",
"2025-09-23","2025-09-23","2025-08","Apple Music","QuanThaSav and B.Scar","We CU","QZWFL2519015","199511232755","2","100","Song","FR","0.00000","0.008179049873",
"2025-09-23","2025-09-23","2025-08","Apple Music","QuanThaSav and MiloMadness","Broncos Country Anthem","QZMEQ2536230","199336188978","6","100","Song","DE","0.00000","0.069497267010",
"2025-09-23","2025-09-23","2025-08","Apple Music","QuanThaSav and B.Scar","We CU","QZWFL2519015","199511232755","1","100","Song","BR","0.00000","0.004320051409",
"2025-09-23","2025-09-23","2025-08","Apple Music","QuanThaSav and MiloMadness","Broncos Country Anthem","QZMEQ2536230","199336188978","1","100","Song","CA","0.00000","0.003472487461",
"2025-09-23","2025-09-23","2025-08","Apple Music","QuanThaSav and B.Scar","We CU","QZWFL2519015","199511232755","1","100","Song","NZ","0.00000","0.002831807142",
"2025-09-23","2025-09-23","2025-08","Apple Music","QuanThaSav and B.Scar","We CU","QZWFL2519015","199511232755","2","100","Song","AU","0.00000","0.006416704831",
"2025-09-23","2025-09-23","2025-08","Apple Music","QuanThaSav and B.Scar","We CU","QZWFL2519015","199511232755","2","100","Song","JP","0.00000","0.007623806533",
"2025-09-17","2025-09-17","2025-07","TikTok","QuanThaSav and MiloMadness","Broncos Country Anthem","QZMEQ2536230","199336188978","46","100","Song","US","0.00000","0.044434850382",
"2025-09-17","2025-09-17","2025-06","Facebook","QuanThaSav and MiloMadness","Broncos Country Anthem","QZMEQ2536230","199336188978","69489","100","Song","US","0.00000","1.253585822678",
"2025-09-17","2025-09-17","2025-06","Facebook","QuanThaSav and MiloMadness","Broncos Country Anthem","QZMEQ2536230","199336188978","1745","100","Song","OU","0.00000","0.031479906994",
"2025-09-17","2025-09-17","2025-06","Facebook","QuanThaSav and MiloMadness","Broncos Country Anthem","QZMEQ2536230","199336188978","11","100","Song","US","0.00000","0.005787205333",
"2025-09-17","2025-09-17","2025-06","Facebook","QuanThaSav and MiloMadness","Broncos Country Anthem","QZMEQ2536230","199336188978","15","100","Song","OU","0.00000","0.007891643636",
"2025-09-17","2025-09-17","2025-06","Deezer","QuanThaSav and MiloMadness","Broncos Country Anthem","QZMEQ2536230","199336188978","40","100","Song","US","0.00000","0.089740765178",
"2025-09-17","2025-09-17","2025-07","Amazon Prime (Streaming)","QuanThaSav and MiloMadness","Broncos Country Anthem","QZMEQ2536230","199336188978","1","100","Song","MX","0.00000","0.000867589459",
"2025-08-27","2025-08-27","2025-07","YouTube (ContentID)","QuanThaSav and B.Scar","We CU","QZWFL2519015","199511232755","1","100","Song","TR","0.00000","0.000247979477",
"2025-08-27","2025-08-27","2025-07","YouTube (Red)","QuanThaSav and MiloMadness","Broncos Country Anthem","QZMEQ2536230","199336188978","126","100","Song","US","0.00000","1.070069315429",
"2025-08-27","2025-08-27","2025-07","YouTube (Red)","QuanThaSav and MiloMadness","Broncos Country Anthem","QZMEQ2536230","199336188978","1","100","Song","MX","0.00000","0.002128451621",
"2025-08-27","2025-08-27","2025-07","YouTube (Ads)","QuanThaSav and MiloMadness","Broncos Country Anthem","QZMEQ2536230","199336188978","33","100","Song","US","0.00000","0.065973453887",
"2025-08-27","2025-08-27","2025-07","YouTube (ContentID)","QuanThaSav and B.Scar","We CU","QZWFL2519015","199511232755","1","100","Song","US","0.00000","0.000517405294",
"2025-08-27","2025-08-27","2025-07","Apple Music","QuanThaSav and MiloMadness","Broncos Country Anthem","QZMEQ2536230","199336188978","248","100","Song","US","0.00000","1.342837367503",
"2025-08-27","2025-08-27","2025-07","Apple Music","QuanThaSav and MiloMadness","Broncos Country Anthem","QZMEQ2536230","199336188978","3","100","Song","GB","0.00000","0.034539282978",
"2025-08-27","2025-08-27","2025-07","Apple Music","QuanThaSav and MiloMadness","Broncos Country Anthem","QZMEQ2536230","199336188978","1","100","Song","JP","0.00000","0.005138768421",
"2025-08-21","2025-08-21","2025-06","Spotify","QuanThaSav and MiloMadness","Broncos Country Anthem","QZMEQ2536230","199336188978","2","100","Song","GB","0.00000","0.009240488468",
"2025-08-21","2025-08-21","2025-06","Spotify","QuanThaSav and MiloMadness","Broncos Country Anthem","QZMEQ2536230","199336188978","561","100","Song","US","0.00000","2.186944880133",
"2025-08-21","2025-08-21","2025-06","Spotify","QuanThaSav and MiloMadness","Broncos Country Anthem","QZMEQ2536230","199336188978","1","100","Song","IN","0.00000","0.000096999950",
"2025-08-21","2025-08-21","2025-06","Spotify","QuanThaSav and MiloMadness","Broncos Country Anthem","QZMEQ2536230","199336188978","1","100","Song","HN","0.00000","0.000041999978",
"2025-08-21","2025-08-21","2025-06","Spotify","QuanThaSav and MiloMadness","Broncos Country Anthem","QZMEQ2536230","199336188978","1","100","Song","DO","0.00000","0.000145999925",
"2025-08-21","2025-08-21","2025-06","Spotify","QuanThaSav and MiloMadness","Broncos Country Anthem","QZMEQ2536230","199336188978","2","100","Song","ZA","0.00000","0.000249502472",
"2025-08-21","2025-08-21","2025-06","Spotify","QuanThaSav and MiloMadness","Broncos Country Anthem","QZMEQ2536230","199336188978","1","100","Song","VN","0.00000","0.000044304177",
"2025-08-21","2025-08-21","2025-06","Spotify","QuanThaSav and MiloMadness","Broncos Country Anthem","QZMEQ2536230","199336188978","1","100","Song","TW","0.00000","0.002606951065",
"2025-08-21","2025-08-21","2025-06","Spotify","QuanThaSav and MiloMadness","Broncos Country Anthem","QZMEQ2536230","199336188978","1","100","Song","TR","0.00000","0.000058294970",
"2025-08-21","2025-08-21","2025-06","Spotify","QuanThaSav and MiloMadness","Broncos Country Anthem","QZMEQ2536230","199336188978","1","100","Song","PE","0.00000","0.001017830178",
"2025-08-21","2025-08-21","2025-06","Spotify","QuanThaSav and MiloMadness","Broncos Country Anthem","QZMEQ2536230","199336188978","1","100","Song","NO","0.00000","0.003227209547",
"2025-08-21","2025-08-21","2025-06","Spotify","QuanThaSav and MiloMadness","Broncos Country Anthem","QZMEQ2536230","199336188978","14","100","Song","MX","0.00000","0.015063420286",
"2025-08-21","2025-08-21","2025-06","Spotify","QuanThaSav and MiloMadness","Broncos Country Anthem","QZMEQ2536230","199336188978","3","100","Song","JP","0.00000","0.001015498379",
"2025-08-21","2025-08-21","2025-06","Spotify","QuanThaSav and MiloMadness","Broncos Country Anthem","QZMEQ2536230","199336188978","3","100","Song","ID","0.00000","0.000045470076",
"2025-08-21","2025-08-21","2025-06","Spotify","QuanThaSav and MiloMadness","Broncos Country Anthem","QZMEQ2536230","199336188978","1","100","Song","ES","0.00000","0.000655235464",
"2025-08-21","2025-08-21","2025-06","Spotify","QuanThaSav and MiloMadness","Broncos Country Anthem","QZMEQ2536230","199336188978","3","100","Song","DK","0.00000","0.020430055238",
"2025-08-21","2025-08-21","2025-06","Spotify","QuanThaSav and MiloMadness","Broncos Country Anthem","QZMEQ2536230","199336188978","13","100","Song","DE","0.00000","0.069871185321",
"2025-08-21","2025-08-21","2025-06","Spotify","QuanThaSav and MiloMadness","Broncos Country Anthem","QZMEQ2536230","199336188978","9","100","Song","CA","0.00000","0.028563369473",
"2025-08-21","2025-08-21","2025-06","Spotify","QuanThaSav and MiloMadness","Broncos Country Anthem","QZMEQ2536230","199336188978","3","100","Song","BR","0.00000","0.000622590281",
"2025-08-21","2025-08-21","2025-06","Spotify","QuanThaSav and MiloMadness","Broncos Country Anthem","QZMEQ2536230","199336188978","1","100","Song","BD","0.00000","0.000192373401",
"2025-08-21","2025-08-21","2025-06","Spotify","QuanThaSav and MiloMadness","Broncos Country Anthem","QZMEQ2536230","199336188978","16","100","Song","AU","0.00000","0.064027697513",
"2025-08-21","2025-08-21","2025-05","Deezer","QuanThaSav and MiloMadness","Broncos Country Anthem","QZMEQ2536230","199336188978","1","100","Song","US","0.00000","0.001039407713",
"2025-08-19","2025-08-19","2025-06","Amazon Prime (Streaming)","QuanThaSav and MiloMadness","Broncos Country Anthem","QZMEQ2536230","199336188978","1","100","Song","MX","0.00000","0.000864585686",
"2025-08-12","2025-08-12","2025-06","Pandora","QuanThaSav and MiloMadness","Broncos Country Anthem","QZMEQ2536230","199336188978","3","100","Song","US","0.00000","0.010500000000",
"2025-08-11","2025-08-11","2025-06","TikTok","QuanThaSav and MiloMadness","Broncos Country Anthem","QZMEQ2536230","199336188978","11","100","Song","US","0.00000","0.010645304784",
"2025-07-30","2025-07-30","2025-06","YouTube (Red)","QuanThaSav and MiloMadness","Broncos Country Anthem","QZMEQ2536230","199336188978","139","100","Song","US","0.00000","1.335606718829",
"2025-07-30","2025-07-30","2025-06","YouTube (Red)","QuanThaSav and MiloMadness","Broncos Country Anthem","QZMEQ2536230","199336188978","9","100","Song","MX","0.00000","0.017167812177",
"2025-07-30","2025-07-30","2025-06","YouTube (Ads)","QuanThaSav and MiloMadness","Broncos Country Anthem","QZMEQ2536230","199336188978","55","100","Song","US","0.00000","0.171173897550",
"2025-07-25","2025-07-25","2025-06","iTunes Match","QuanThaSav and MiloMadness","Broncos Country Anthem","QZMEQ2536230","199336188978","1","100","Song","US","0.00000","0.000847175072",
"2025-07-25","2025-07-25","2025-06","iTunes Songs","QuanThaSav and MiloMadness","Broncos Country Anthem","QZMEQ2536230","199336188978","1","100","Song","US","0.00000","0.490021108812",
"2025-07-24","2025-07-24","2025-06","Apple Music","QuanThaSav and MiloMadness","Broncos Country Anthem","QZMEQ2536230","199336188978","361","100","Song","US","0.00000","2.064896950293",
"2025-07-24","2025-07-24","2025-06","Apple Music","QuanThaSav and MiloMadness","Broncos Country Anthem","QZMEQ2536230","199336188978","1","100","Song","MX","0.00000","0.001432726813",
"2025-07-24","2025-07-24","2025-06","Apple Music","QuanThaSav and MiloMadness","Broncos Country Anthem","QZMEQ2536230","199336188978","1","100","Song","KR","0.00000","0.004860623382",
"2025-07-24","2025-07-24","2025-06","Apple Music","QuanThaSav and MiloMadness","Broncos Country Anthem","QZMEQ2536230","199336188978","13","100","Song","GB","0.00000","0.173335400661",
"2025-07-24","2025-07-24","2025-06","Apple Music","QuanThaSav and MiloMadness","Broncos Country Anthem","QZMEQ2536230","199336188978","1","100","Song","DE","0.00000","0.011198990535",
"2025-07-24","2025-07-24","2025-06","Apple Music","QuanThaSav and MiloMadness","Broncos Country Anthem","QZMEQ2536230","199336188978","1","100","Song","CA","0.00000","0.003003719350",
"2025-07-24","2025-07-24","2025-06","Apple Music","QuanThaSav and MiloMadness","Broncos Country Anthem","QZMEQ2536230","199336188978","3","100","Song","NZ","0.00000","0.028622465576",
"2025-07-23","2025-07-23","2025-05","Amazon Prime (Streaming)","QuanThaSav and MiloMadness","Broncos Country Anthem","QZMEQ2536230","199336188978","3","100","Song","US","0.00000","0.012203775730",
"2025-07-19","2025-07-19","2025-05","TikTok","QuanThaSav and MiloMadness","Broncos Country Anthem","QZMEQ2536230","199336188978","8","100","Song","US","0.00000","0.007465738048",
"2025-07-19","2025-07-19","2025-05","TikTok","QuanThaSav and MiloMadness","Broncos Country Anthem","QZMEQ2536230","199336188978","1","100","Song","MX","0.00000","0.000807106816",
"2025-07-19","2025-07-19","2025-05","TikTok","QuanThaSav and MiloMadness","Broncos Country Anthem","QZMEQ2536230","199336188978","1","100","Song","AU","0.00000","0.000807106816",
"2025-07-16","2025-07-15","2025-05","Facebook","QuanThaSav and MiloMadness","Broncos Country Anthem","QZMEQ2536230","199336188978","49312","100","Song","US","0.00000","0.819974872662",
"2025-07-16","2025-07-15","2025-05","Facebook","QuanThaSav and MiloMadness","Broncos Country Anthem","QZMEQ2536230","199336188978","1145","100","Song","OU","0.00000","0.019039406812",
"2025-07-15","2025-07-15","2025-05","Facebook","QuanThaSav and MiloMadness","Broncos Country Anthem","QZMEQ2536230","199336188978","8","100","Song","US","0.00000","0.004201884484",
"2025-07-15","2025-07-15","2025-05","Facebook","QuanThaSav and MiloMadness","Broncos Country Anthem","QZMEQ2536230","199336188978","10","100","Song","OU","0.00000","0.005252355605",
"2025-07-05","2025-07-05","2025-04","TikTok","QuanThaSav and MiloMadness","Broncos Country Anthem","QZMEQ2536230","199336188978","1","100","Song","US","0.00000","0.001059681920",
"2025-07-05","2025-07-05","2025-04","TikTok","QuanThaSav and MiloMadness","Broncos Country Anthem","QZMEQ2536230","199336188978","1","100","Song","ID","0.00000","0.001059681920",
"2025-07-05","2025-07-05","2025-04","Facebook","QuanThaSav and MiloMadness","Broncos Country Anthem","QZMEQ2536230","199336188978","4","100","Song","US","0.00000","0.001569229300",
"2025-07-05","2025-07-05","2025-04","Facebook","QuanThaSav and MiloMadness","Broncos Country Anthem","QZMEQ2536230","199336188978","3","100","Song","OU","0.00000","0.001176921975",
"2025-07-04","2025-07-04","2025-05","iTunes Songs","QuanThaSav and MiloMadness","Broncos Country Anthem","QZMEQ2536230","199336188978","1","100","Song","US","0.00000","0.489997595296",
"2025-07-03","2025-07-03","2025-05","Apple Music","QuanThaSav and MiloMadness","Broncos Country Anthem","QZMEQ2536230","199336188978","228","100","Song","US","0.00000","1.318341530130",
"2025-07-03","2025-07-03","2025-05","Apple Music","QuanThaSav and MiloMadness","Broncos Country Anthem","QZMEQ2536230","199336188978","3","100","Song","MX","0.00000","0.004259536580",
"2025-07-03","2025-07-03","2025-05","Apple Music","QuanThaSav and MiloMadness","Broncos Country Anthem","QZMEQ2536230","199336188978","3","100","Song","GB","0.00000","0.041754253283",
"2025-06-28","2025-06-28","2025-05","YouTube (Ads)","QuanThaSav and MiloMadness","Broncos Country Anthem","QZMEQ2536230","199336188978","78","100","Song","US","0.00000","0.370215047645",
"2025-06-28","2025-06-28","2025-05","YouTube (Ads)","QuanThaSav and MiloMadness","Broncos Country Anthem","QZMEQ2536230","199336188978","0","100","Song","NL","0.00000","0.004156102078",
"2025-06-28","2025-06-28","2025-05","YouTube (Ads)","QuanThaSav and MiloMadness","Broncos Country Anthem","QZMEQ2536230","199336188978","1","100","Song","MX","0.00000","0.000068279195",
"2025-06-28","2025-06-28","2025-05","YouTube (Ads)","QuanThaSav and MiloMadness","Broncos Country Anthem","QZMEQ2536230","199336188978","1","100","Song","FR","0.00000","0.005453932008",
"2025-06-28","2025-06-27","2025-05","YouTube (Red)","QuanThaSav and MiloMadness","Broncos Country Anthem","QZMEQ2536230","199336188978","154","100","Song","US","0.00000","0.856971433945",
"2025-06-01","2025-06-01","2025-04","Apple Music","QuanThaSav and MiloMadness","Broncos Country Anthem","QZMEQ2536230","199336188978","62","100","Song","US","0.00000","0.336764704672",
"2025-05-24","2025-05-24","2025-04","YouTube (Red)","QuanThaSav and MiloMadness","Broncos Country Anthem","QZMEQ2536230","199336188978","542","100","Song","US","0.00000","2.048397553084",
"2025-05-24","2025-05-24","2025-04","YouTube (Red)","QuanThaSav and MiloMadness","Broncos Country Anthem","QZMEQ2536230","199336188978","1","100","Song","NG","0.00000","0.000217594700",
"2025-05-24","2025-05-24","2025-04","YouTube (Ads)","QuanThaSav and MiloMadness","Broncos Country Anthem","QZMEQ2536230","199336188978","29","100","Song","US","0.00000","0.105036165611",
